id,order
4414,1
157,2
5171,3
6523,4
4731,5
665,6
7754,7
204,8
6463,9
4096,10
5531,11
7697,12
7073,13
6597,14
3596,15
3490,16
5926,17
5398,18
7241,19
5697,20
1615,21
2325,22
4445,23
1927,24
2046,25
2258,26
2311,27
3173,28
2425,29
5053,30
4448,31
717,32
7234,33
1370,34
3247,35
847,36
2502,37
5126,38
7147,39
2734,40
3727,41
504,42
5108,43
1353,44
5614,45
7772,46
4908,47
4865,48
2704,49
7542,50
4078,51
202,52
4293,53
1168,54
1761,55
3340,56
1757,57
4174,58
5492,59
5439,60
7948,61
4354,62
5195,63
5684,64
2344,65
6148,66
1285,67
3296,68
5274,69
695,70
7864,71
5541,72
1164,73
1490,74
6558,75
3267,76
6808,77
6276,78
590,79
6083,80
1131,81
2768,82
5356,83
244,84
2341,85
5101,86
193,87
3841,88
4789,89
3710,90
2254,91
6819,92
597,93
3093,94
2215,95
3973,96
6501,97
7466,98
3094,99
6840,100
1498,101
6538,102
870,103
7546,104
5700,105
7663,106
5144,107
7974,108
5747,109
704,110
7708,111
4844,112
3692,113
7316,114
6665,115
1014,116
3526,117
2989,118
5387,119
3765,120
2184,121
5290,122
1987,123
2686,124
1683,125
62,126
243,127
5976,128
3743,129
5032,130
2093,131
3451,132
7309,133
2761,134
4166,135
1097,136
3239,137
5812,138
7774,139
1993,140
2015,141
2947,142
992,143
1225,144
3067,145
1221,146
3131,147
6903,148
3398,149
4752,150
4556,151
2446,152
1530,153
5808,154
1813,155
1621,156
2033,157
2361,158
91,159
5314,160
123,161
6146,162
5774,163
3563,164
761,165
1855,166
955,167
2546,168
3393,169
4281,170
7111,171
3805,172
1817,173
2649,174
3495,175
5867,176
1211,177
7219,178
2071,179
3409,180
6829,181
4319,182
6977,183
2600,184
5436,185
1729,186
1176,187
5119,188
4408,189
6257,190
2541,191
3766,192
6336,193
4986,194
3601,195
5373,196
7730,197
7810,198
1746,199
5451,200
1324,201
559,202
5665,203
4932,204
3655,205
3301,206
6890,207
7731,208
1859,209
1092,210
7871,211
372,212
3114,213
2605,214
2993,215
6161,216
2882,217
5767,218
4447,219
2399,220
1297,221
6806,222
3004,223
3332,224
1518,225
7089,226
5148,227
4835,228
7265,229
7759,230
5669,231
1939,232
3983,233
760,234
7821,235
2301,236
2409,237
1718,238
3074,239
1501,240
2037,241
235,242
6053,243
1307,244
5996,245
516,246
4801,247
194,248
3970,249
5268,250
6478,251
600,252
6691,253
4022,254
2917,255
5247,256
6417,257
6378,258
1924,259
5493,260
6699,261
960,262
3379,263
3969,264
824,265
5961,266
2199,267
3480,268
6188,269
6488,270
5894,271
5458,272
2128,273
7381,274
1202,275
5741,276
7573,277
5508,278
1267,279
3795,280
1846,281
3815,282
2079,283
4248,284
1804,285
5422,286
5461,287
113,288
7158,289
7794,290
74,291
4101,292
3576,293
92,294
1849,295
7468,296
3166,297
2680,298
1795,299
5069,300
3252,301
3705,302
3902,303
210,304
7777,305
1875,306
2324,307
2540,308
633,309
328,310
7116,311
6411,312
2265,313
5115,314
7899,315
7230,316
7717,317
4353,318
3666,319
2445,320
3800,321
596,322
6422,323
3193,324
59,325
2085,326
3395,327
2967,328
1832,329
6460,330
3929,331
2137,332
4716,333
7882,334
6473,335
7760,336
5509,337
3020,338
3817,339
7403,340
6698,341
2585,342
28,343
1337,344
4468,345
1470,346
5040,347
4649,348
5196,349
5321,350
135,351
6318,352
7691,353
1559,354
6414,355
4099,356
3593,357
1819,358
7835,359
2811,360
3051,361
6509,362
5970,363
6443,364
3029,365
6843,366
4961,367
544,368
1614,369
1351,370
4933,371
261,372
1336,373
4781,374
4621,375
858,376
448,377
2643,378
5098,379
7058,380
6920,381
6346,382
3071,383
4368,384
1133,385
435,386
1203,387
3898,388
4977,389
2716,390
5688,391
6110,392
6603,393
3181,394
1071,395
1385,396
6939,397
5340,398
7357,399
6934,400
3757,401
7231,402
2498,403
2674,404
907,405
6732,406
4392,407
1613,408
1065,409
2440,410
3696,411
4984,412
3339,413
7950,414
5772,415
6926,416
4152,417
4230,418
4301,419
1930,420
7554,421
7859,422
6342,423
3785,424
1895,425
5117,426
538,427
2469,428
6531,429
7993,430
775,431
4809,432
337,433
3889,434
7506,435
2504,436
4049,437
713,438
7633,439
6633,440
3777,441
1990,442
7508,443
1947,444
1201,445
7193,446
225,447
5537,448
4899,449
2287,450
6335,451
370,452
409,453
4225,454
3931,455
4399,456
3167,457
6539,458
2988,459
2584,460
6727,461
4886,462
652,463
4415,464
3602,465
6575,466
6425,467
3912,468
7949,469
3019,470
73,471
2370,472
1375,473
2847,474
747,475
599,476
1100,477
1660,478
3678,479
6992,480
4029,481
905,482
6582,483
1341,484
6182,485
2760,486
1061,487
3068,488
3374,489
5850,490
286,491
1245,492
1599,493
5990,494
669,495
2429,496
3429,497
1768,498
2227,499
5645,500
1576,501
2863,502
3454,503
3732,504
4135,505
4320,506
4539,507
1892,508
4727,509
301,510
4537,511
4638,512
6545,513
7667,514
2963,515
2682,516
5154,517
2130,518
517,519
4387,520
7107,521
4949,522
6489,523
5959,524
7979,525
160,526
3455,527
2896,528
5714,529
3836,530
5251,531
4188,532
4794,533
3233,534
2689,535
687,536
7985,537
6809,538
2392,539
7032,540
473,541
3091,542
3456,543
7417,544
3744,545
6293,546
5384,547
7436,548
1793,549
6753,550
6896,551
4641,552
6147,553
4473,554
7917,555
3120,556
6326,557
6322,558
7743,559
4416,560
2405,561
7344,562
920,563
5174,564
4863,565
2152,566
6088,567
5830,568
7215,569
3814,570
6591,571
3062,572
177,573
2300,574
5450,575
1129,576
5988,577
6771,578
532,579
2707,580
1369,581
3108,582
4906,583
1988,584
7358,585
7880,586
4520,587
3806,588
910,589
2638,590
565,591
467,592
5908,593
5046,594
1431,595
5613,596
2298,597
5021,598
3432,599
1380,600
2208,601
5335,602
2534,603
4923,604
7172,605
1077,606
6869,607
128,608
2765,609
1126,610
3337,611
5457,612
2118,613
5489,614
4076,615
1714,616
2511,617
7240,618
3523,619
1366,620
5752,621
3420,622
4994,623
6763,624
885,625
4546,626
2960,627
2244,628
4421,629
5177,630
1210,631
48,632
4763,633
7961,634
5440,635
2950,636
5821,637
2431,638
47,639
3955,640
2570,641
4800,642
3512,643
6076,644
3837,645
2067,646
5365,647
3903,648
7419,649
2661,650
894,651
2586,652
6561,653
5039,654
3259,655
4296,656
5748,657
4891,658
7431,659
2326,660
7248,661
5969,662
5031,663
3789,664
3434,665
2795,666
1103,667
90,668
1650,669
4911,670
4757,671
5292,672
5804,673
5084,674
4959,675
4032,676
610,677
2905,678
6536,679
3112,680
1632,681
5173,682
2400,683
6876,684
1617,685
1415,686
2050,687
407,688
5585,689
4506,690
2524,691
170,692
7802,693
758,694
6407,695
6677,696
6632,697
7795,698
3984,699
647,700
4238,701
4409,702
2207,703
209,704
730,705
6721,706
2134,707
4656,708
603,709
6666,710
1188,711
1310,712
2764,713
5591,714
3453,715
655,716
7005,717
4847,718
6332,719
3619,720
4734,721
7645,722
2017,723
3436,724
1208,725
7464,726
4693,727
6499,728
2106,729
4533,730
3780,731
3025,732
3003,733
351,734
6570,735
2913,736
5076,737
1943,738
6374,739
3046,740
2173,741
5650,742
5834,743
5284,744
7297,745
5502,746
5368,747
7166,748
6932,749
575,750
7202,751
4316,752
6882,753
6541,754
5501,755
4187,756
5385,757
5997,758
4384,759
5796,760
1406,761
1944,762
1303,763
3478,764
550,765
2698,766
5956,767
4425,768
5018,769
7070,770
5837,771
4786,772
4168,773
4918,774
153,775
169,776
5029,777
5315,778
6968,779
3391,780
3171,781
1504,782
3586,783
446,784
6941,785
2417,786
3116,787
2906,788
7922,789
3005,790
3549,791
5900,792
1156,793
6429,794
5095,795
1904,796
4380,797
7649,798
3491,799
333,800
2668,801
6949,802
7156,803
2645,804
1052,805
6604,806
4254,807
2952,808
3157,809
5845,810
3881,811
1932,812
4350,813
3366,814
4931,815
4996,816
7086,817
5985,818
5750,819
2279,820
1055,821
2039,822
7944,823
7532,824
7053,825
7435,826
2787,827
5270,828
7293,829
2825,830
742,831
1010,832
2460,833
620,834
5597,835
4034,836
6936,837
4840,838
4433,839
4162,840
1374,841
7896,842
5832,843
4559,844
7626,845
5581,846
1616,847
6580,848
371,849
3174,850
5318,851
1558,852
1228,853
180,854
4663,855
6334,856
4647,857
7284,858
1329,859
2088,860
3899,861
4616,862
6845,863
1751,864
6413,865
6500,866
4455,867
430,868
876,869
5400,870
2788,871
6468,872
3309,873
5348,874
1742,875
732,876
5999,877
6457,878
5462,879
1670,880
5848,881
3060,882
7020,883
3676,884
6825,885
2571,886
3754,887
3753,888
5857,889
4795,890
5503,891
4586,892
7843,893
6043,894
1381,895
115,896
4853,897
878,898
1864,899
5744,900
6917,901
5731,902
4317,903
5860,904
2968,905
14,906
3680,907
677,908
4914,909
4779,910
7541,911
5797,912
3528,913
7737,914
3422,915
6664,916
4014,917
1479,918
7931,919
1731,920
7023,921
7689,922
4576,923
2523,924
5275,925
2497,926
4284,927
2389,928
172,929
208,930
2983,931
5168,932
1645,933
2670,934
2512,935
6880,936
5677,937
6629,938
6553,939
2810,940
3307,941
1978,942
6874,943
2201,944
1384,945
2891,946
2573,947
487,948
7162,949
1162,950
4571,951
5831,952
4820,953
6569,954
2650,955
6232,956
3458,957
953,958
2648,959
3546,960
7067,961
7704,962
6832,963
748,964
1248,965
2175,966
5127,967
2836,968
3199,969
5939,970
5037,971
6458,972
1430,973
418,974
259,975
6183,976
2723,977
7247,978
1556,979
5726,980
2813,981
2551,982
3979,983
3011,984
5559,985
1781,986
4631,987
2735,988
6639,989
2472,990
5886,991
2083,992
1798,993
1900,994
4497,995
1451,996
2312,997
5856,998
4493,999
5456,1000
4006,1001
4862,1002
6176,1003
7479,1004
6975,1005
6095,1006
1609,1007
4696,1008
5944,1009
6853,1010
1405,1011
6994,1012
4489,1013
6044,1014
6980,1015
5259,1016
5413,1017
6164,1018
4355,1019
5388,1020
7226,1021
5377,1022
4053,1023
3880,1024
1884,1025
6070,1026
5519,1027
7075,1028
3136,1029
1114,1030
3935,1031
4579,1032
6794,1033
4939,1034
4091,1035
3090,1036
1981,1037
5521,1038
3722,1039
3311,1040
7881,1041
5486,1042
7906,1043
2209,1044
7285,1045
5899,1046
6544,1047
1263,1048
1229,1049
1612,1050
3797,1051
408,1052
7690,1053
5905,1054
7008,1055
4345,1056
2830,1057
67,1058
7818,1059
2870,1060
5572,1061
2028,1062
1452,1063
3394,1064
5930,1065
7267,1066
3679,1067
1056,1068
2955,1069
7480,1070
2513,1071
5686,1072
7110,1073
5121,1074
7577,1075
7356,1076
4803,1077
3503,1078
7013,1079
1957,1080
4041,1081
5088,1082
1260,1083
6363,1084
7674,1085
4694,1086
3382,1087
1272,1088
1175,1089
5206,1090
6773,1091
7964,1092
6803,1093
276,1094
5094,1095
7298,1096
7500,1097
2738,1098
7894,1099
7087,1100
6100,1101
5107,1102
3642,1103
3897,1104
5336,1105
4177,1106
3215,1107
3015,1108
3862,1109
1115,1110
3170,1111
5595,1112
3284,1113
4815,1114
3761,1115
632,1116
114,1117
3184,1118
4902,1119
1886,1120
3291,1121
4940,1122
1826,1123
6439,1124
7788,1125
3437,1126
162,1127
7551,1128
6859,1129
20,1130
6017,1131
7928,1132
5054,1133
6588,1134
7433,1135
3555,1136
2757,1137
3742,1138
2916,1139
1707,1140
1291,1141
1665,1142
7471,1143
2675,1144
140,1145
5248,1146
2739,1147
3828,1148
5722,1149
1974,1150
3138,1151
2285,1152
2166,1153
2091,1154
3235,1155
1132,1156
6643,1157
4582,1158
5111,1159
7042,1160
2042,1161
5178,1162
2346,1163
5891,1164
87,1165
6479,1166
1973,1167
1443,1168
5737,1169
6286,1170
924,1171
3714,1172
1891,1173
3302,1174
6950,1175
2264,1176
7797,1177
6599,1178
5827,1179
3021,1180
4866,1181
6572,1182
2063,1183
7699,1184
3439,1185
2861,1186
5134,1187
4391,1188
5211,1189
3334,1190
6267,1191
5123,1192
224,1193
4370,1194
6321,1195
2938,1196
4139,1197
1288,1198
6136,1199
7250,1200
3413,1201
7497,1202
2899,1203
3237,1204
4460,1205
5544,1206
4732,1207
3327,1208
6895,1209
3047,1210
7668,1211
1571,1212
6651,1213
6741,1214
3557,1215
2124,1216
2817,1217
7975,1218
895,1219
5983,1220
6436,1221
2568,1222
4465,1223
5491,1224
6368,1225
6894,1226
2171,1227
3006,1228
1237,1229
3098,1230
165,1231
3106,1232
7596,1233
3269,1234
6877,1235
4107,1236
7292,1237
1491,1238
6747,1239
542,1240
3344,1241
711,1242
6087,1243
3700,1244
7712,1245
6302,1246
4879,1247
3372,1248
587,1249
4536,1250
7295,1251
1629,1252
2991,1253
1865,1254
6875,1255
3162,1256
5392,1257
1290,1258
4767,1259
6447,1260
6016,1261
3981,1262
6512,1263
7120,1264
4121,1265
5647,1266
6577,1267
6356,1268
269,1269
4640,1270
3885,1271
2553,1272
3825,1273
7559,1274
6702,1275
1270,1276
126,1277
3088,1278
499,1279
38,1280
2894,1281
462,1282
6846,1283
98,1284
2096,1285
1651,1286
904,1287
6781,1288
6051,1289
3163,1290
1745,1291
605,1292
939,1293
6274,1294
2247,1295
2110,1296
2139,1297
7126,1298
6033,1299
1273,1300
1818,1301
3219,1302
1639,1303
1608,1304
383,1305
1986,1306
1997,1307
1773,1308
2278,1309
1376,1310
2701,1311
3681,1312
7912,1313
5367,1314
7540,1315
6073,1316
3947,1317
1960,1318
3819,1319
449,1320
4806,1321
1925,1322
7969,1323
7926,1324
5449,1325
5186,1326
3135,1327
2328,1328
7088,1329
5435,1330
967,1331
738,1332
7924,1333
4787,1334
2223,1335
7439,1336
7855,1337
3855,1338
736,1339
6237,1340
1002,1341
3873,1342
6568,1343
5775,1344
7266,1345
106,1346
5632,1347
1435,1348
369,1349
4167,1350
7490,1351
2780,1352
6242,1353
7920,1354
7429,1355
4042,1356
1463,1357
3726,1358
2954,1359
7677,1360
5916,1361
6441,1362
2043,1363
434,1364
3022,1365
4155,1366
1227,1367
1635,1368
698,1369
7862,1370
4672,1371
3304,1372
2089,1373
581,1374
4234,1375
4056,1376
3278,1377
6007,1378
51,1379
1585,1380
3406,1381
1554,1382
7728,1383
1524,1384
2293,1385
5073,1386
6239,1387
6402,1388
2851,1389
4714,1390
7372,1391
926,1392
3670,1393
5552,1394
6839,1395
1419,1396
4222,1397
412,1398
7701,1399
1572,1400
6904,1401
789,1402
5878,1403
1730,1404
7563,1405
7299,1406
5131,1407
3909,1408
2008,1409
896,1410
4097,1411
5136,1412
968,1413
2142,1414
2072,1415
1594,1416
1815,1417
6324,1418
7030,1419
196,1420
3033,1421
4776,1422
6081,1423
7060,1424
1791,1425
5514,1426
5740,1427
7856,1428
3995,1429
5605,1430
562,1431
535,1432
7812,1433
4405,1434
1173,1435
4924,1436
4910,1437
7224,1438
5214,1439
1726,1440
7035,1441
2283,1442
482,1443
5463,1444
7142,1445
1487,1446
4418,1447
2935,1448
4893,1449
6308,1450
2980,1451
5960,1452
7715,1453
4895,1454
6130,1455
3624,1456
1429,1457
1325,1458
1782,1459
6956,1460
3887,1461
2886,1462
4202,1463
794,1464
7044,1465
6765,1466
1403,1467
7183,1468
3095,1469
4851,1470
6142,1471
3430,1472
1159,1473
1489,1474
4285,1475
4423,1476
1265,1477
4373,1478
3386,1479
3038,1480
3656,1481
3213,1482
5393,1483
1945,1484
3424,1485
7066,1486
6735,1487
1717,1488
6396,1489
2196,1490
6634,1491
3383,1492
1697,1493
1885,1494
6360,1495
2251,1496
6532,1497
1460,1498
4126,1499
5778,1500
4410,1501
6550,1502
6001,1503
5877,1504
3585,1505
203,1506
33,1507
2732,1508
3600,1509
290,1510
4193,1511
3895,1512
5246,1513
745,1514
7918,1515
5285,1516
7562,1517
2943,1518
5396,1519
1716,1520
2030,1521
4249,1522
3276,1523
4859,1524
3733,1525
3573,1526
6152,1527
4379,1528
5325,1529
3728,1530
1398,1531
3852,1532
7270,1533
260,1534
7907,1535
1711,1536
1814,1537
3615,1538
6620,1539
1682,1540
6578,1541
4997,1542
7916,1543
327,1544
4558,1545
1258,1546
5304,1547
5888,1548
151,1549
7713,1550
432,1551
1032,1552
657,1553
618,1554
3338,1555
5460,1556
5612,1557
7624,1558
5155,1559
3858,1560
294,1561
1142,1562
3896,1563
2006,1564
7567,1565
3988,1566
1546,1567
686,1568
3562,1569
5226,1570
995,1571
318,1572
6277,1573
2924,1574
4737,1575
1371,1576
5569,1577
3169,1578
315,1579
3179,1580
2691,1581
2471,1582
6631,1583
6010,1584
7334,1585
7199,1586
1998,1587
7814,1588
5452,1589
1118,1590
181,1591
414,1592
2032,1593
1881,1594
836,1595
2260,1596
5749,1597
1321,1598
888,1599
2329,1600
2520,1601
528,1602
389,1603
7128,1604
4596,1605
3946,1606
7125,1607
1232,1608
2887,1609
7213,1610
5811,1611
4211,1612
6270,1613
2477,1614
4079,1615
7523,1616
2358,1617
693,1618
3697,1619
7411,1620
4857,1621
1322,1622
964,1623
3498,1624
6760,1625
4973,1626
1808,1627
1914,1628
1019,1629
4807,1630
7618,1631
1992,1632
5625,1633
6856,1634
7062,1635
3589,1636
1797,1637
4348,1638
3992,1639
305,1640
2763,1641
2948,1642
2462,1643
2720,1644
7892,1645
226,1646
4905,1647
350,1648
5316,1649
5627,1650
5004,1651
1482,1652
7446,1653
2971,1654
7136,1655
5736,1656
3755,1657
61,1658
4856,1659
4019,1660
7605,1661
7753,1662
6098,1663
6132,1664
2454,1665
3788,1666
130,1667
5522,1668
1979,1669
868,1670
6222,1671
1182,1672
3640,1673
5765,1674
255,1675
1732,1676
4925,1677
5896,1678
3186,1679
2499,1680
2820,1681
6172,1682
6113,1683
7197,1684
7336,1685
296,1686
4522,1687
3100,1688
2929,1689
1801,1690
6630,1691
4179,1692
6593,1693
7505,1694
5370,1695
3808,1696
6769,1697
7341,1698
6199,1699
2667,1700
7283,1701
3622,1702
6314,1703
4205,1704
5317,1705
3197,1706
3477,1707
5862,1708
3149,1709
7621,1710
5162,1711
3953,1712
1868,1713
2873,1714
4094,1715
3924,1716
3701,1717
6106,1718
7033,1719
1940,1720
476,1721
2864,1722
1409,1723
7149,1724
5374,1725
3487,1726
390,1727
4344,1728
4487,1729
4382,1730
6195,1731
5978,1732
7707,1733
4314,1734
6265,1735
4318,1736
6635,1737
4987,1738
6085,1739
7315,1740
7547,1741
6898,1742
2303,1743
200,1744
739,1745
5360,1746
3957,1747
5330,1748
1241,1749
2965,1750
7188,1751
6967,1752
6064,1753
7884,1754
3556,1755
7664,1756
7520,1757
530,1758
1350,1759
2125,1760
6816,1761
3127,1762
6855,1763
385,1764
6937,1765
7842,1766
2533,1767
4033,1768
1955,1769
1198,1770
108,1771
1420,1772
1525,1773
6483,1774
6206,1775
6287,1776
2500,1777
5910,1778
6068,1779
3517,1780
1076,1781
5729,1782
7326,1783
2103,1784
4978,1785
3759,1786
3558,1787
7130,1788
411,1789
1018,1790
2473,1791
6319,1792
4440,1793
6328,1794
4876,1795
364,1796
999,1797
6351,1798
3039,1799
5441,1800
4926,1801
707,1802
6884,1803
312,1804
2232,1805
3385,1806
2815,1807
625,1808
3445,1809
3793,1810
4726,1811
6810,1812
2116,1813
3256,1814
6899,1815
83,1816
1481,1817
753,1818
7045,1819
1038,1820
7806,1821
3643,1822
6888,1823
167,1824
5443,1825
215,1826
298,1827
7430,1828
5467,1829
4232,1830
1725,1831
1472,1832
3388,1833
5295,1834
627,1835
7488,1836
5513,1837
6213,1838
818,1839
1268,1840
4157,1841
5013,1842
701,1843
5846,1844
5898,1845
3628,1846
7314,1847
1031,1848
1549,1849
3891,1850
2296,1851
4745,1852
320,1853
3444,1854
6210,1855
2237,1856
6791,1857
4535,1858
6953,1859
5071,1860
5357,1861
352,1862
6785,1863
5822,1864
7517,1865
249,1866
4120,1867
373,1868
2321,1869
801,1870
7555,1871
88,1872
1592,1873
2470,1874
2014,1875
6138,1876
7305,1877
1184,1878
1839,1879
5490,1880
5066,1881
2567,1882
7442,1883
1276,1884
7671,1885
70,1886
6551,1887
436,1888
3484,1889
7328,1890
3540,1891
1856,1892
1108,1893
5512,1894
6042,1895
4821,1896
7992,1897
4220,1898
8,1899
3161,1900
5918,1901
7498,1902
5717,1903
628,1904
6516,1905
7343,1906
3774,1907
5265,1908
2748,1909
498,1910
4660,1911
6013,1912
5523,1913
860,1914
7544,1915
5582,1916
965,1917
2531,1918
1754,1919
1179,1920
2468,1921
3610,1922
6438,1923
7076,1924
7627,1925
7091,1926
6120,1927
6397,1928
7221,1929
6943,1930
2981,1931
4087,1932
3667,1933
6403,1934
2187,1935
3661,1936
1941,1937
950,1938
4883,1939
5288,1940
5050,1941
4246,1942
2390,1943
7809,1944
2522,1945
4704,1946
2315,1947
6951,1948
6345,1949
3450,1950
5892,1951
4027,1952
3905,1953
3644,1954
5005,1955
7925,1956
4738,1957
7885,1958
500,1959
5077,1960
3776,1961
2200,1962
595,1963
1101,1964
7898,1965
5390,1966
5826,1967
2054,1968
3737,1969
3144,1970
7194,1971
5759,1972
112,1973
242,1974
6280,1975
5558,1976
7364,1977
4104,1978
7243,1979
6235,1980
7384,1981
1961,1982
4697,1983
4983,1984
5301,1985
4218,1986
3787,1987
6025,1988
543,1989
1658,1990
7129,1991
82,1992
4231,1993
859,1994
2145,1995
1320,1996
3177,1997
459,1998
2169,1999
6852,2000
5986,2001
2517,2002
7726,2003
7734,2004
5220,2005
5915,2006
5271,2007
2167,2008
6624,2009
3952,2010
7477,2011
5281,2012
5057,2013
1584,2014
1806,2015
1235,2016
6720,2017
7932,2018
5473,2019
3917,2020
4499,2021
4968,2022
3076,2023
4498,2024
6749,2025
3464,2026
843,2027
4843,2028
7548,2029
2685,2030
6618,2031
7256,2032
3538,2033
4512,2034
7121,2035
7096,2036
3336,2037
6961,2038
1057,2039
2671,2040
5309,2041
1565,2042
2554,2043
5566,2044
6944,2045
5465,2046
1244,2047
5683,2048
4819,2049
2596,2050
4655,2051
2804,2052
6325,2053
7883,2054
2999,2055
6288,2056
5090,2057
2158,2058
7134,2059
4170,2060
3991,2061
1247,2062
2428,2063
5664,2064
1051,2065
1516,2066
2386,2067
3542,2068
6969,2069
4935,2070
6557,2071
2126,2072
2216,2073
6041,2074
636,2075
7725,2076
4717,2077
962,2078
7427,2079
1916,2080
1395,2081
7934,2082
6377,2083
6248,2084
1150,2085
6598,2086
7648,2087
1685,2088
2538,2089
452,2090
4090,2091
2829,2092
7824,2093
1457,2094
3058,2095
7503,2096
456,2097
1024,2098
1279,2099
2165,2100
3216,2101
2365,2102
4484,2103
7068,2104
586,2105
1217,2106
594,2107
7811,2108
7383,2109
2945,2110
1153,2111
4021,2112
4490,2113
3361,2114
4435,2115
4480,2116
3280,2117
571,2118
4018,2119
2843,2120
5469,2121
3802,2122
5875,2123
6552,2124
650,2125
875,2126
4735,2127
1106,2128
2186,2129
3840,2130
4790,2131
6833,2132
2883,2133
4897,2134
2426,2135
6012,2136
222,2137
6061,2138
7822,2139
7097,2140
2669,2141
7319,2142
6579,2143
7608,2144
4739,2145
6482,2146
5616,2147
6740,2148
2146,2149
1397,2150
2603,2151
546,2152
1368,2153
3414,2154
671,2155
7820,2156
6979,2157
4067,2158
1027,2159
6077,2160
1063,2161
2052,2162
3888,2163
4297,2164
4141,2165
5448,2166
5598,2167
7393,2168
7617,2169
3294,2170
4186,2171
3192,2172
1664,2173
176,2174
7291,2175
1568,2176
454,2177
4639,2178
5820,2179
3739,2180
1704,2181
7294,2182
2051,2183
540,2184
5476,2185
6933,2186
4814,2187
3273,2188
4351,2189
1083,2190
3323,2191
186,2192
821,2193
6471,2194
2023,2195
1816,2196
5609,2197
5640,2198
5399,2199
3565,2200
4812,2201
2893,2202
5777,2203
2065,2204
2493,2205
2372,2206
3435,2207
3625,2208
2727,2209
1476,2210
5080,2211
7222,2212
1377,2213
3803,2214
7394,2215
1174,2216
601,2217
3537,2218
3772,2219
5556,2220
6454,2221
3711,2222
4601,2223
5646,2224
1578,2225
6339,2226
2826,2227
6641,2228
6154,2229
696,2230
5742,2231
485,2232
4374,2233
1064,2234
1636,2235
4982,2236
5648,2237
3048,2238
2611,2239
3736,2240
486,2241
6754,2242
7521,2243
4358,2244
4362,2245
567,2246
3126,2247
6285,2248
2933,2249
314,2250
5670,2251
6135,2252
4016,2253
7989,2254
2271,2255
1447,2256
7487,2257
2268,2258
3994,2259
3932,2260
252,2261
2306,2262
5743,2263
7827,2264
1630,2265
4654,2266
2038,2267
6656,2268
1788,2269
7258,2270
5256,2271
6881,2272
3335,2273
4538,2274
7853,2275
3154,2276
3283,2277
5326,2278
5911,2279
2221,2280
1991,2281
2401,2282
6281,2283
4347,2284
7465,2285
5515,2286
3533,2287
2581,2288
2075,2289
6419,2290
1962,2291
2135,2292
3211,2293
1338,2294
6517,2295
7702,2296
756,2297
2708,2298
3449,2299
134,2300
3829,2301
1706,2302
4265,2303
6241,2304
5132,2305
6900,2306
3940,2307
7155,2308
234,2309
6770,2310
3321,2311
569,2312
2129,2313
7954,2314
537,2315
2380,2316
124,2317
6919,2318
851,2319
3268,2320
4184,2321
5459,2322
2572,2323
4294,2324
7549,2325
119,2326
4451,2327
3345,2328
6380,2329
7354,2330
1135,2331
4334,2332
7680,2333
6777,2334
1006,2335
864,2336
4565,2337
7056,2338
6174,2339
1674,2340
1909,2341
757,2342
5474,2343
2100,2344
6203,2345
5718,2346
764,2347
6484,2348
7764,2349
1155,2350
7616,2351
4331,2352
6830,2353
6669,2354
7478,2355
1082,2356
6997,2357
1022,2358
529,2359
4846,2360
791,2361
7444,2362
3769,2363
4045,2364
1747,2365
7782,2366
6433,2367
5215,2368
4858,2369
4868,2370
7779,2371
2179,2372
344,2373
7781,2374
4040,2375
481,2376
2543,2377
1408,2378
4075,2379
367,2380
2467,2381
7455,2382
2108,2383
5269,2384
5421,2385
4378,2386
4252,2387
1054,2388
1710,2389
6696,2390
5689,2391
7018,2392
2944,2393
2594,2394
7965,2395
5724,2396
5497,2397
6850,2398
3059,2399
2366,2400
5338,2401
2693,2402
1277,2403
2588,2404
5208,2405
2606,2406
6584,2407
5030,2408
6216,2409
49,2410
1610,2411
3443,2412
6467,2413
5426,2414
1762,2415
1148,2416
1041,2417
1688,2418
5481,2419
1787,2420
2877,2421
4475,2422
5995,2423
2709,2424
3156,2425
7262,2426
5406,2427
7613,2428
6421,2429
1358,2430
7474,2431
3,2432
1547,2433
217,2434
1305,2435
7495,2436
5917,2437
4073,2438
7059,2439
7854,2440
7139,2441
7385,2442
6750,2443
3176,2444
2604,2445
6841,2446
1871,2447
4030,2448
2349,2449
5694,2450
653,2451
6734,2452
3328,2453
5786,2454
3096,2455
457,2456
2888,2457
1689,2458
7286,2459
2077,2460
2507,2461
5865,2462
2857,2463
5557,2464
5971,2465
253,2466
3016,2467
2233,2468
1863,2469
2974,2470
3121,2471
5924,2472
3651,2473
700,2474
431,2475
1045,2476
3244,2477
1894,2478
556,2479
6989,2480
319,2481
1513,2482
4915,2483
3384,2484
5141,2485
7140,2486
4729,2487
2868,2488
3850,2489
2607,2490
2484,2491
4396,2492
7489,2493
6924,2494
3734,2495
7448,2496
4574,2497
6009,2498
3521,2499
5380,2500
3415,2501
7908,2502
4770,2503
2912,2504
3319,2505
5630,2506
6505,2507
7200,2508
2391,2509
3467,2510
6024,2511
5805,2512
3502,2513
6049,2514
4444,2515
300,2516
466,2517
921,2518
1084,2519
2632,2520
291,2521
1009,2522
5575,2523
4286,2524
4304,2525
1423,2526
1536,2527
680,2528
854,2529
7327,2530
609,2531
2803,2532
3190,2533
1058,2534
6398,2535
579,2536
1722,2537
7688,2538
4666,2539
6259,2540
5087,2541
1825,2542
433,2543
158,2544
7872,2545
6107,2546
7144,2547
2881,2548
4920,2549
3183,2550
2382,2551
3849,2552
5145,2553
6229,2554
1906,2555
2725,2556
3567,2557
4701,2558
7838,2559
4511,2560
6844,2561
4553,2562
6048,2563
5788,2564
1428,2565
1421,2566
3871,2567
2350,2568
4199,2569
2151,2570
1735,2571
5563,2572
2880,2573
5273,2574
4970,2575
6451,2576
7039,2577
2354,2578
6264,2579
6952,2580
942,2581
1950,2582
7207,2583
5938,2584
2977,2585
1976,2586
2878,2587
3123,2588
780,2589
3647,2590
4600,2591
3013,2592
4775,2593
6126,2594
2560,2595
5305,2596
4648,2597
7936,2598
1158,2599
2904,2600
1344,2601
3608,2602
4503,2603
5528,2604
4591,2605
6296,2606
2589,2607
830,2608
2995,2609
3347,2610
7382,2611
3892,2612
3853,2613
3423,2614
233,2615
5588,2616
7959,2617
1893,2618
935,2619
26,2620
3650,2621
7590,2622
5607,2623
5817,2624
4413,2625
5764,2626
4306,2627
5106,2628
4441,2629
706,2630
1112,2631
229,2632
1151,2633
1917,2634
1332,2635
1432,2636
4181,2637
7345,2638
1043,2639
3997,2640
1050,2641
6511,2642
1783,2643
702,2644
5654,2645
5782,2646
2225,2647
7650,2648
524,2649
479,2650
6233,2651
727,2652
6683,2653
7325,2654
1165,2655
7673,2656
256,2657
278,2658
366,2659
7902,2660
2842,2661
2418,2662
7049,2663
5139,2664
4606,2665
7592,2666
4747,2667
5092,2668
2635,2669
1926,2670
5110,2671
7738,2672
7296,2673
5586,2674
7220,2675
5564,2676
257,2677
654,2678
4116,2679
5381,2680
4733,2681
7160,2682
784,2683
534,2684
6496,2685
3223,2686
5565,2687
5228,2688
1017,2689
5099,2690
3180,2691
883,2692
1446,2693
423,2694
972,2695
719,2696
6911,2697
5306,2698
2098,2699
6554,2700
6681,2701
4642,2702
4928,2703
2021,2704
4142,2705
2036,2706
974,2707
6818,2708
4122,2709
1853,2710
2683,2711
395,2712
5425,2713
4507,2714
29,2715
5062,2716
4015,2717
1712,2718
4419,2719
7012,2720
2408,2721
5329,2722
1448,2723
2510,2724
39,2725
6055,2726
6040,2727
1215,2728
811,2729
3543,2730
5479,2731
5140,2732
6779,2733
2516,2734
6790,2735
938,2736
2483,2737
5946,2738
675,2739
1098,2740
6266,2741
2722,2742
2087,2743
6121,2744
5293,2745
7585,2746
2150,2747
5232,2748
6682,2749
514,2750
4277,2751
6645,2752
4000,2753
5676,2754
1392,2755
2275,2756
2714,2757
4200,2758
2136,2759
7784,2760
6662,2761
2890,2762
6905,2763
902,2764
506,2765
214,2766
4502,2767
5109,2768
7516,2769
6283,2770
97,2771
4456,2772
7375,2773
3392,2774
825,2775
6246,2776
3061,2777
6731,2778
6573,2779
3461,2780
737,2781
7021,2782
6983,2783
4849,2784
7869,2785
3568,2786
5818,2787
7281,2788
3677,2789
211,2790
2192,2791
7272,2792
4338,2793
5739,2794
3717,2795
7246,2796
5610,2797
6737,2798
1152,2799
6621,2800
7275,2801
3980,2802
7651,2803
5169,2804
4885,2805
5880,2806
3364,2807
2774,2808
2866,2809
5842,2810
6647,2811
6357,2812
6668,2813
6253,2814
5710,2815
2461,2816
7169,2817
7684,2818
3813,2819
5446,2820
7418,2821
3040,2822
5874,2823
624,2824
7304,2825
1216,2826
3242,2827
1908,2828
2494,2829
5793,2830
2385,2831
5060,2832
5218,2833
6359,2834
6320,2835
2949,2836
6045,2837
2352,2838
4143,2839
7206,2840
3250,2841
2535,2842
7849,2843
3303,2844
2360,2845
5200,2846
6021,2847
6743,2848
4501,2849
651,2850
6305,2851
2587,2852
7815,2853
3731,2854
6037,2855
1640,2856
3605,2857
3300,2858
4236,2859
6284,2860
3974,2861
6080,2862
7957,2863
7771,2864
1618,2865
4488,2866
4833,2867
2307,2868
3514,2869
4873,2870
1218,2871
1256,2872
891,2873
75,2874
7406,2875
1675,2876
7186,2877
4013,2878
2407,2879
2544,2880
6435,2881
4880,2882
5103,2883
4461,2884
1449,2885
1264,2886
7335,2887
497,2888
6027,2889
4003,2890
6854,2891
3654,2892
1389,2893
5674,2894
5217,2895
402,2896
3986,2897
7472,2898
4426,2899
1523,2900
3936,2901
3261,2902
5567,2903
4588,2904
712,2905
1542,2906
3225,2907
7303,2908
4681,2909
2123,2910
3848,2911
1093,2912
1848,2913
3466,2914
899,2915
5753,2916
6706,2917
2009,2918
2694,2919
1600,2920
4636,2921
6757,2922
1577,2923
3938,2924
2822,2925
4086,2926
6914,2927
7287,2928
7320,2929
1555,2930
6991,2931
3597,2932
192,2933
2565,2934
3043,2935
5133,2936
527,2937
7236,2938
5847,2939
1122,2940
3433,2941
1364,2942
5255,2943
4590,2944
3363,2945
961,2946
1219,2947
7090,2948
7380,2949
3134,2950
110,2951
4680,2952
1656,2953
7392,2954
7512,2955
1564,2956
3475,2957
2338,2958
3807,2959
2831,2960
4969,2961
6817,2962
1094,2963
7923,2964
1699,2965
4303,2966
5202,2967
4755,2968
1034,2969
5272,2970
1475,2971
1500,2972
7491,2973
3863,2974
5799,2975
4439,2976
2548,2977
622,2978
2478,2979
1896,2980
1779,2981
6003,2982
5950,2983
5261,2984
1522,2985
5114,2986
7457,2987
3032,2988
1533,2989
4098,2990
2724,2991
5608,2992
6423,2993
1456,2994
4325,2995
5947,2996
6410,2997
7601,2998
1687,2999
986,3000
981,3001
1130,3002
1847,3003
6823,3004
4850,3005
5146,3006
3545,3007
429,3008
2410,3009
880,3010
281,3011
6596,3012
3002,3013
2356,3014
6469,3015
1239,3016
419,3017
4798,3018
1588,3019
3486,3020
7758,3021
2898,3022
5230,3023
7473,3024
3595,3025
2081,3026
2257,3027
6008,3028
3122,3029
6828,3030
3631,3031
845,3032
139,3033
37,3034
1283,3035
4504,3036
2580,3037
6063,3038
2243,3039
2464,3040
1911,3041
589,3042
2378,3043
3740,3044
3674,3045
1171,3046
4561,3047
321,3048
5839,3049
1386,3050
4991,3051
1794,3052
6230,3053
1663,3054
3037,3055
7597,3056
1861,3057
4295,3058
5444,3059
4811,3060
5902,3061
6921,3062
5423,3063
5533,3064
4214,3065
4799,3066
3918,3067
984,3068
2700,3069
6697,3070
2621,3071
3056,3072
2437,3073
7367,3074
3796,3075
5981,3076
940,3077
2696,3078
925,3079
5346,3080
4516,3081
7850,3082
3575,3083
2463,3084
3073,3085
3465,3086
816,3087
2612,3088
4618,3089
5358,3090
4259,3091
117,3092
2792,3093
3085,3094
4889,3095
1072,3096
4071,3097
2172,3098
7502,3099
7432,3100
159,3101
2284,3102
3775,3103
5189,3104
5016,3105
3934,3106
5859,3107
1462,3108
1367,3109
4869,3110
7874,3111
7353,3112
4342,3113
2090,3114
1570,3115
709,3116
5056,3117
6201,3118
1185,3119
1426,3120
3452,3121
2183,3122
5873,3123
5235,3124
6497,3125
6361,3126
3875,3127
7399,3128
4068,3129
2444,3130
2193,3131
7481,3132
2376,3133
509,3134
952,3135
2921,3136
4646,3137
5222,3138
2771,3139
7255,3140
2195,3141
1213,3142
5378,3143
5652,3144
5708,3145
99,3146
6520,3147
5198,3148
6124,3149
1039,3150
382,3151
4686,3152
7004,3153
2901,3154
6477,3155
5052,3156
2559,3157
805,3158
1655,3159
1694,3160
4216,3161
4938,3162
3101,3163
1750,3164
3113,3165
1510,3166
4622,3167
2598,3168
6204,3169
2395,3170
4282,3171
7599,3172
4771,3173
4017,3174
5795,3175
107,3176
4046,3177
365,3178
7970,3179
5706,3180
4047,3181
4428,3182
4718,3183
6394,3184
2319,3185
614,3186
4966,3187
7440,3188
1799,3189
2801,3190
6670,3191
2448,3192
478,3193
5560,3194
6861,3195
1301,3196
1983,3197
4719,3198
1040,3199
3913,3200
720,3201
7639,3202
1531,3203
772,3204
7524,3205
1107,3206
5578,3207
817,3208
5478,3209
1511,3210
468,3211
5210,3212
7269,3213
7800,3214
2970,3215
1346,3216
6097,3217
877,3218
4043,3219
6263,3220
5730,3221
5798,3222
4823,3223
7719,3224
5723,3225
4595,3226
1113,3227
6446,3228
4119,3229
5770,3230
2132,3231
2833,3232
4158,3233
5574,3234
5470,3235
3847,3236
3876,3237
3457,3238
2783,3239
4357,3240
4481,3241
263,3242
4524,3243
2343,3244
5466,3245
6260,3246
2673,3247
7218,3248
5118,3249
4219,3250
6984,3251
2827,3252
4976,3253
2095,3254
323,3255
6987,3256
7493,3257
6999,3258
6472,3259
5903,3260
2676,3261
4395,3262
6971,3263
3925,3264
4500,3265
869,3266
6169,3267
6462,3268
4020,3269
726,3270
6272,3271
941,3272
4269,3273
3352,3274
4975,3275
5192,3276
5161,3277
3462,3278
4937,3279
3530,3280
3639,3281
4453,3282
1378,3283
4262,3284
3265,3285
2453,3286
7945,3287
54,3288
2029,3289
7729,3290
1737,3291
7879,3292
635,3293
3365,3294
4189,3295
2660,3296
2295,3297
3529,3298
4825,3299
1189,3300
4154,3301
5209,3302
7619,3303
5780,3304
3519,3305
3240,3306
909,3307
2439,3308
3663,3309
3975,3310
7028,3311
5097,3312
6981,3313
5690,3314
3150,3315
3128,3316
4103,3317
2539,3318
2170,3319
4529,3320
1033,3321
668,3322
4990,3323
5135,3324
1434,3325
6223,3326
3188,3327
7687,3328
4722,3329
3110,3330
5147,3331
7783,3332
7780,3333
976,3334
6271,3335
5792,3336
2892,3337
3694,3338
5165,3339
7011,3340
6606,3341
593,3342
3270,3343
4954,3344
495,3345
7978,3346
1496,3347
1124,3348
3195,3349
922,3350
1196,3351
1899,3352
3846,3353
4009,3354
5766,3355
4993,3356
2393,3357
34,3358
5277,3359
3718,3360
5014,3361
4182,3362
2416,3363
6522,3364
7960,3365
3109,3366
5620,3367
5631,3368
4449,3369
6782,3370
6156,3371
3804,3372
7785,3373
1157,3374
6386,3375
227,3376
7890,3377
4585,3378
886,3379
330,3380
5579,3381
3084,3382
2579,3383
5592,3384
6217,3385
325,3386
1088,3387
103,3388
1246,3389
306,3390
1953,3391
3857,3392
3745,3393
2114,3394
3147,3395
4059,3396
5331,3397
7184,3398
3274,3399
4213,3400
5604,3401
7889,3402
2274,3403
2226,3404
3961,3405
7216,3406
2721,3407
6547,3408
6329,3409
6655,3410
3748,3411
4629,3412
2972,3413
2518,3414
7740,3415
1860,3416
2316,3417
5542,3418
9,3419
2624,3420
4953,3421
577,3422
1719,3423
3741,3424
156,3425
1669,3426
4069,3427
6796,3428
7665,3429
7739,3430
4001,3431
2871,3432
2148,3433
7428,3434
81,3435
1312,3436
3010,3437
6122,3438
3968,3439
6612,3440
271,3441
1811,3442
5979,3443
5182,3444
6434,3445
5657,3446
6715,3447
2956,3448
4802,3449
3207,3450
7145,3451
4112,3452
4111,3453
1230,3454
2973,3455
2005,3456
2936,3457
2154,3458
5601,3459
460,3460
5637,3461
3534,3462
750,3463
46,3464
2547,3465
5224,3466
7352,3467
6834,3468
1274,3469
4057,3470
7441,3471
362,3472
2210,3473
6236,3474
1259,3475
3764,3476
7346,3477
453,3478
1349,3479
1771,3480
4962,3481
1845,3482
6189,3483
2131,3484
1984,3485
6686,3486
6836,3487
5015,3488
4085,3489
1537,3490
4841,3491
5624,3492
2508,3493
3178,3494
7749,3495
7331,3496
638,3497
2915,3498
5183,3499
6744,3500
4593,3501
4198,3502
2299,3503
1724,3504
3818,3505
3421,3506
6350,3507
2424,3508
4454,3509
7113,3510
4740,3511
1823,3512
3783,3513
3671,3514
7641,3515
1756,3516
7069,3517
3350,3518
1411,3519
4430,3520
3288,3521
7643,3522
413,3523
1734,3524
5279,3525
4243,3526
3872,3527
2482,3528
428,3529
2224,3530
3966,3531
7938,3532
4766,3533
4684,3534
5431,3535
3648,3536
5212,3537
5593,3538
1414,3539
4215,3540
6349,3541
2420,3542
1410,3543
5816,3544
4784,3545
4217,3546
7519,3547
368,3548
2619,3549
3560,3550
1985,3551
4327,3552
4674,3553
3954,3554
3561,3555
4080,3556
1407,3557
6290,3558
4583,3559
7611,3560
1913,3561
1042,3562
7870,3563
3577,3564
5078,3565
2759,3566
289,3567
7449,3568
6047,3569
3824,3570
86,3571
6190,3572
5636,3573
3292,3574
7093,3575
2143,3576
3613,3577
621,3578
4010,3579
1963,3580
4896,3581
5193,3582
2706,3583
1282,3584
6528,3585
2755,3586
2608,3587
7775,3588
3865,3589
525,3590
1236,3591
3884,3592
4427,3593
2058,3594
3691,3595
7646,3596
3202,3597
6814,3598
3317,3599
1560,3600
4904,3601
3843,3602
3510,3603
2719,3604
2854,3605
7963,3606
4109,3607
2713,3608
928,3609
216,3610
3668,3611
6408,3612
724,3613
4485,3614
1969,3615
1672,3616
3097,3617
3582,3618
3883,3619
6711,3620
5712,3621
7692,3622
58,3623
4239,3624
615,3625
472,3626
3664,3627
6498,3628
7135,3629
507,3630
2939,3631
1302,3632
310,3633
2626,3634
2814,3635
6805,3636
2808,3637
2178,3638
12,3639
4816,3640
7735,3641
1526,3642
697,3643
4407,3644
2953,3645
797,3646
6530,3647
4276,3648
7511,3649
4183,3650
3626,3651
5328,3652
4792,3653
379,3654
5234,3655
7071,3656
188,3657
4762,3658
6341,3659
6673,3660
7642,3661
7528,3662
7225,3663
1703,3664
6615,3665
6886,3666
5344,3667
2450,3668
1802,3669
6784,3670
3065,3671
5587,3672
3389,3673
3226,3674
1000,3675
588,3676
7290,3677
5783,3678
3069,3679
1439,3680
4972,3681
6205,3682
5550,3683
6537,3684
465,3685
1387,3686
3028,3687
3373,3688
5412,3689
2252,3690
7009,3691
4322,3692
3140,3693
152,3694
948,3695
1829,3696
4267,3697
728,3698
2688,3699
384,3700
3620,3701
6685,3702
629,3703
1907,3704
7757,3705
1139,3706
3066,3707
7210,3708
5932,3709
2556,3710
4251,3711
3725,3712
7002,3713
1136,3714
3229,3715
4813,3716
3064,3717
3541,3718
6892,3719
7108,3720
1141,3721
2332,3722
6317,3723
7040,3724
5529,3725
5527,3726
6842,3727
5068,3728
4643,3729
7595,3730
125,3731
4881,3732
3768,3733
4436,3734
560,3735
7157,3736
6485,3737
903,3738
4594,3739
4597,3740
1602,3741
118,3742
5835,3743
2387,3744
3751,3745
3612,3746
4956,3747
7279,3748
396,3749
293,3750
4372,3751
3662,3752
4039,3753
4804,3754
7526,3755
2897,3756
4768,3757
990,3758
7543,3759
4566,3760
7409,3761
228,3762
5243,3763
945,3764
7413,3765
7826,3766
190,3767
1328,3768
4369,3769
2862,3770
4398,3771
121,3772
394,3773
4602,3774
144,3775
3827,3776
1316,3777
4922,3778
7768,3779
5555,3780
7229,3781
5707,3782
66,3783
800,3784
3604,3785
6650,3786
3026,3787
2094,3788
994,3789
6974,3790
6476,3791
751,3792
521,3793
3513,3794
5074,3795
3418,3796
7242,3797
5678,3798
5445,3799
3007,3800
4624,3801
513,3802
6026,3803
873,3804
6543,3805
199,3806
7816,3807
7714,3808
823,3809
7159,3810
1844,3811
1234,3812
137,3813
5701,3814
7629,3815
5020,3816
374,3817
3689,3818
5940,3819
3879,3820
2447,3821
658,3822
6118,3823
673,3824
2294,3825
2459,3826
1348,3827
4261,3828
4683,3829
983,3830
7656,3831
7010,3832
2527,3833
6141,3834
731,3835
6976,3836
6849,3837
7828,3838
2672,3839
56,3840
3124,3841
1110,3842
7212,3843
7486,3844
6388,3845
4237,3846
5881,3847
6581,3848
1915,3849
7998,3850
5517,3851
4845,3852
2163,3853
284,3854
4676,3855
5188,3856
552,3857
4598,3858
6131,3859
1243,3860
1137,3861
5518,3862
2174,3863
223,3864
4077,3865
6985,3866
6304,3867
4555,3868
2666,3869
7637,3870
1838,3871
57,3872
1958,3873
3941,3874
7368,3875
1161,3876
3492,3877
6995,3878
6966,3879
6653,3880
5319,3881
7670,3882
2805,3883
7990,3884
1177,3885
18,3886
4153,3887
1604,3888
989,3889
4131,3890
1021,3891
5179,3892
7268,3893
7968,3894
1590,3895
7370,3896
4824,3897
829,3898
5287,3899
5685,3900
6602,3901
349,3902
2109,3903
1671,3904
342,3905
5063,3906
5433,3907
2525,3908
6323,3909
7514,3910
2333,3911
7115,3912
2414,3913
1836,3914
4657,3915
4941,3916
5001,3917
2779,3918
4397,3919
3708,3920
4713,3921
6493,3922
6193,3923
1679,3924
4257,3925
6625,3926
710,3927
806,3928
6143,3929
2308,3930
833,3931
1980,3932
7622,3933
5562,3934
3964,3935
2019,3936
7196,3937
2566,3938
147,3939
401,3940
7454,3941
6795,3942
1544,3943
5841,3944
1025,3945
574,3946
866,3947
1931,3948
5404,3949
1134,3950
3554,3951
2558,3952
3653,3953
3688,3954
5618,3955
2652,3956
6963,3957
6694,3958
5213,3959
958,3960
5238,3961
5958,3962
386,3963
3632,3964
5870,3965
4818,3966
438,3967
2214,3968
1951,3969
3142,3970
377,3971
2733,3972
6191,3973
1466,3974
5535,3975
7833,3976
6865,3977
6057,3978
6292,3979
2562,3980
7407,3981
6767,3982
3306,3983
5547,3984
7458,3985
295,3986
6535,3987
4534,3988
1292,3989
5022,3990
919,3991
5980,3992
6822,3993
5639,3994
5333,3995
7153,3996
6370,3997
7338,3998
558,3999
7982,4000
4709,4001
5520,4002
6177,4003
287,4004
1631,4005
2925,4006
7695,4007
4315,4008
4749,4009
5093,4010
3928,4011
1641,4012
3481,4013
1280,4014
7748,4015
7143,4016
4723,4017
5164,4018
6722,4019
6752,4020
1869,4021
6046,4022
988,4023
1492,4024
5023,4025
7253,4026
1919,4027
4038,4028
3574,4029
6060,4030
206,4031
6863,4032
6381,4033
5105,4034
5219,4035
2412,4036
1705,4037
533,4038
4312,4039
3916,4040
7101,4041
4023,4042
6269,4043
5526,4044
4209,4045
5809,4046
3146,4047
2222,4048
4375,4049
3329,4050
5906,4051
2245,4052
2064,4053
2415,4054
3945,4055
3362,4056
6300,4057
5485,4058
2656,4059
6029,4060
7052,4061
2879,4062
7566,4063
2654,4064
3160,4065
5963,4066
2086,4067
7198,4068
6589,4069
3172,4070
136,4071
3218,4072
5498,4073
6303,4074
474,4075
5660,4076
6384,4077
2451,4078
5035,4079
6282,4080
3566,4081
6659,4082
5571,4083
5524,4084
238,4085
6542,4086
3231,4087
1573,4088
4913,4089
6209,4090
5643,4091
2702,4092
2807,4093
4037,4094
7365,4095
2872,4096
1269,4097
2119,4098
3794,4099
4543,4100
862,4101
2756,4102
5190,4103
6583,4104
5773,4105
6684,4106
6857,4107
4839,4108
3914,4109
6529,4110
1626,4111
3408,4112
2841,4113
7572,4114
5207,4115
496,4116
5236,4117
1095,4118
4730,4119
5927,4120
570,4121
7015,4122
6565,4123
2942,4124
4712,4125
5229,4126
6946,4127
493,4128
3799,4129
7844,4130
3630,4131
442,4132
5359,4133
6279,4134
4208,4135
6353,4136
1698,4137
6640,4138
5324,4139
3724,4140
7,4141
4854,4142
335,4143
4855,4144
5738,4145
2147,4146
7424,4147
1311,4148
4916,4149
1586,4150
2715,4151
4411,4152
5538,4153
1866,4154
3948,4155
6208,4156
1803,4157
802,4158
1412,4159
161,4160
2270,4161
2121,4162
3139,4163
5583,4164
4791,4165
4275,4166
5599,4167
3322,4168
2875,4169
5391,4170
4521,4171
2931,4172
4515,4173
1830,4174
7744,4175
1086,4176
4361,4177
3446,4178
3203,4179
4773,4180
3187,4181
6218,4182
3922,4183
6431,4184
7539,4185
7467,4186
7531,4187
846,4188
7119,4189
111,4190
1508,4191
6801,4192
5075,4193
3564,4194
4106,4195
480,4196
7492,4197
1695,4198
2958,4199
3474,4200
455,4201
3204,4202
2762,4203
4229,4204
7173,4205
4291,4206
1607,4207
4627,4208
5081,4209
7570,4210
580,4211
7602,4212
611,4213
4036,4214
5180,4215
5496,4216
6705,4217
3035,4218
7904,4219
5252,4220
6738,4221
7412,4222
5267,4223
6158,4224
6548,4225
6273,4226
7029,4227
7863,4228
4992,4229
1684,4230
3130,4231
7168,4232
7996,4233
7615,4234
7170,4235
3831,4236
6954,4237
2941,4238
6252,4239
2115,4240
4201,4241
4417,4242
685,4243
4552,4244
6352,4245
1480,4246
776,4247
5824,4248
3611,4249
664,4250
6931,4251
6811,4252
3489,4253
6955,4254
3405,4255
767,4256
7355,4257
7434,4258
841,4259
6986,4260
5250,4261
7469,4262
7593,4263
6430,4264
4233,4265
6243,4266
2218,4267
4947,4268
810,4269
6082,4270
7801,4271
7048,4272
7851,4273
6310,4274
689,4275
4756,4276
5116,4277
547,4278
6661,4279
7485,4280
5386,4281
5372,4282
6510,4283
1659,4284
637,4285
3082,4286
5883,4287
7852,4288
4105,4289
4607,4290
1308,4291
5934,4292
5389,4293
796,4294
1820,4295
7410,4296
6418,4297
2107,4298
198,4299
2946,4300
2073,4301
6481,4302
1774,4303
4165,4304
1001,4305
3182,4306
6185,4307
5549,4308
2355,4309
7911,4310
1910,4311
5175,4312
3784,4313
536,4314
1755,4315
2282,4316
183,4317
6151,4318
1548,4319
842,4320
2231,4321
268,4322
5420,4323
2644,4324
3287,4325
1877,4326
5869,4327
786,4328
6039,4329
3375,4330
7553,4331
3102,4332
1104,4333
5655,4334
3023,4335
354,4336
4568,4337
2628,4338
7098,4339
1209,4340
2480,4341
6094,4342
3014,4343
450,4344
2159,4345
6728,4346
4058,4347
3470,4348
5104,4349
6104,4350
7453,4351
4964,4352
1413,4353
6099,4354
3263,4355
3943,4356
1971,4357
5011,4358
2363,4359
7209,4360
5507,4361
7484,4362
3275,4363
6901,4364
5242,4365
5709,4366
5819,4367
1843,4368
6862,4369
6835,4370
7669,4371
1437,4372
7318,4373
3867,4374
4299,4375
1786,4376
3277,4377
3063,4378
2729,4379
2602,4380
3868,4381
3089,4382
3258,4383
2506,4384
3552,4385
1596,4386
3859,4387
279,4388
4505,4389
7659,4390
6054,4391
4644,4392
5769,4393
2577,4394
6000,4395
7127,4396
6019,4397
4518,4398
4695,4399
3820,4400
1425,4401
763,4402
5187,4403
7868,4404
5806,4405
236,4406
2749,4407
1226,4408
5307,4409
2796,4410
7955,4411
1550,4412
3118,4413
5962,4414
7981,4415
2255,4416
5138,4417
6133,4418
5658,4419
6474,4420
4829,4421
1535,4422
2475,4423
3290,4424
1753,4425
1624,4426
5055,4427
1680,4428
2745,4429
838,4430
2869,4431
5991,4432
5223,4433
264,4434
2220,4435
5720,4436
4367,4437
4446,4438
1453,4439
4472,4440
489,4441
2922,4442
7933,4443
4270,4444
2055,4445
729,4446
7400,4447
2514,4448
2519,4449
5698,4450
7377,4451
7131,4452
5952,4453
5434,4454
309,4455
4326,4456
5602,4457
3232,4458
2773,4459
2961,4460
2928,4461
3773,4462
6416,4463
391,4464
3107,4465
735,4466
69,4467
1005,4468
2639,4469
5866,4470
3471,4471
1167,4472
7956,4473
6315,4474
6,4475
3933,4476
820,4477
7958,4478
437,4479
1204,4480
5342,4481
6576,4482
5992,4483
5241,4484
5611,4485
5376,4486
4609,4487
4761,4488
7545,4489
1824,4490
1012,4491
1331,4492
1313,4493
4550,4494
6929,4495
1275,4496
2754,4497
283,4498
4587,4499
5371,4500
127,4501
2615,4502
2678,4503
6675,4504
1125,4505
646,4506
1339,4507
3635,4508
5166,4509
5545,4510
799,4511
6372,4512
5254,4513
4450,4514
1079,4515
3447,4516
4510,4517
7767,4518
5553,4519
4615,4520
5006,4521
6362,4522
1638,4523
2599,4524
7057,4525
7940,4526
813,4527
245,4528
6870,4529
1008,4530
5025,4531
1023,4532
1355,4533
7657,4534
6772,4535
6437,4536
7518,4537
6887,4538
661,4539
7711,4540
2422,4541
2092,4542
4724,4543
4431,4544
3915,4545
2777,4546
3861,4547
6355,4548
5863,4549
2653,4550
4551,4551
2634,4552
7995,4553
1834,4554
3041,4555
3132,4556
3874,4557
4662,4558
4310,4559
1494,4560
4084,4561
11,4562
4300,4563
2061,4564
1278,4565
7867,4566
30,4567
3227,4568
3590,4569
5733,4570
7132,4571
322,4572
4867,4573
197,4574
930,4575
7679,4576
2044,4577
5653,4578
5401,4579
7264,4580
1059,4581
363,4582
4341,4583
7962,4584
2048,4585
3900,4586
913,4587
7535,4588
576,4589
4274,4590
6766,4591
7386,4592
2542,4593
3893,4594
557,4595
2217,4596
1968,4597
1180,4598
7122,4599
4185,4600
2986,4601
4172,4602
4263,4603
1784,4604
5681,4605
882,4606
1147,4607
2784,4608
1,4609
959,4610
5286,4611
2313,4612
6072,4613
6562,4614
2027,4615
1053,4616
5758,4617
971,4618
5085,4619
5536,4620
5351,4621
7080,4622
4389,4623
4459,4624
7470,4625
4828,4626
1666,4627
1883,4628
3683,4629
6225,4630
2940,4631
84,4632
2353,4633
1441,4634
7133,4635
2432,4636
4149,4637
6792,4638
1224,4639
1605,4640
5840,4641
1575,4642
6574,4643
3607,4644
2239,4645
5781,4646
969,4647
630,4648
4742,4649
7507,4650
648,4651
6366,4652
4769,4653
5721,4654
6679,4655
7536,4656
388,4657
4271,4658
7578,4659
50,4660
5149,4661
7308,4662
7163,4663
3289,4664
277,4665
5007,4666
2919,4667
572,4668
2996,4669
6102,4670
690,4671
2164,4672
7786,4673
3963,4674
6614,4675
4633,4676
7837,4677
7208,4678
19,4679
4074,4680
1249,4681
6069,4682
7977,4683
1503,4684
1326,4685
4603,4686
7271,4687
3017,4688
6170,4689
1954,4690
2641,4691
2374,4692
2101,4693
7321,4694
2984,4695
6480,4696
6184,4697
6507,4698
1901,4699
5375,4700
6922,4701
2102,4702
563,4703
982,4704
2188,4705
7630,4706
2266,4707
1692,4708
2203,4709
1170,4710
4671,4711
7571,4712
1785,4713
2190,4714
5249,4715
4476,4716
3572,4717
7078,4718
5172,4719
7791,4720
2359,4721
6149,4722
660,4723
5482,4724
2909,4725
3030,4726
5424,4727
7171,4728
2751,4729
4592,4730
1587,4731
7063,4732
64,4733
923,4734
2213,4735
1390,4736
1284,4737
4652,4738
6056,4739
1994,4740
7588,4741
7873,4742
2692,4743
6708,4744
4429,4745
4870,4746
6959,4747
6358,4748
3236,4749
7124,4750
6365,4751
4443,4752
7972,4753
6197,4754
3778,4755
166,4756
6515,4757
6799,4758
7581,4759
6180,4760
5419,4761
1601,4762
5734,4763
568,4764
1581,4765
2056,4766
2373,4767
1995,4768
4665,4769
4305,4770
7793,4771
3581,4772
7322,4773
3616,4774
6797,4775
3201,4776
1035,4777
564,4778
7311,4779
4128,4780
7201,4781
7903,4782
6134,4783
4777,4784
2791,4785
7203,4786
1120,4787
7891,4788
6015,4789
4148,4790
6140,4791
6695,4792
1455,4793
6244,4794
1854,4795
1485,4796
1073,4797
2509,4798
548,4799
7499,4800
4567,4801
2489,4802
5181,4803
5755,4804
5008,4805
6128,4806
4526,4807
5776,4808
6889,4809
6311,4810
7391,4811
4176,4812
2583,4813
6162,4814
5871,4815
6587,4816
6278,4817
274,4818
678,4819
3417,4820
7589,4821
2536,4822
4989,4823
2351,4824
7476,4825
4573,4826
3285,4827
6002,4828
2263,4829
7660,4830
7494,4831
2798,4832
3286,4833
4677,4834
2345,4835
1527,4836
399,4837
2168,4838
7971,4839
644,4840
5327,4841
1647,4842
5785,4843
3241,4844
519,4845
6783,4846
1534,4847
4563,4848
2858,4849
2629,4850
5855,4851
2772,4852
1345,4853
4612,4854
1809,4855
5656,4856
4195,4857
1060,4858
4728,4859
3155,4860
3072,4861
2712,4862
6906,4863
662,4864
1169,4865
6733,4866
840,4867
1271,4868
3168,4869
1477,4870
6490,4871
5086,4872
5427,4873
129,4874
339,4875
1212,4876
612,4877
7257,4878
5429,4879
4599,4880
7710,4881
2785,4882
3985,4883
3919,4884
7027,4885
3212,4886
6108,4887
3756,4888
1996,4889
1442,4890
4283,4891
5453,4892
1123,4893
3637,4894
5633,4895
3627,4896
770,4897
4204,4898
931,4899
7330,4900
5828,4901
7755,4902
7652,4903
3535,4904
6456,4905
7167,4906
7888,4907
7527,4908
2932,4909
6392,4910
7790,4911
4750,4912
6255,4913
5679,4914
4572,4915
4052,4916
1888,4917
4613,4918
4661,4919
3738,4920
2642,4921
6897,4922
4721,4923
762,4924
1977,4925
5622,4926
357,4927
1207,4928
2337,4929
4383,4930
3045,4931
4900,4932
1495,4933
3353,4934
716,4935
4386,4936
619,4937
2455,4938
7866,4939
1352,4940
1304,4941
3707,4942
6291,4943
4838,4944
679,4945
6925,4946
4145,4947
1459,4948
5416,4949
4836,4950
641,4951
2957,4952
4469,4953
5534,4954
2874,4955
2658,4956
3331,4957
1205,4958
2277,4959
774,4960
4827,4961
6998,4962
918,4963
3390,4964
440,4965
505,4966
1340,4967
5539,4968
1721,4969
65,4970
5417,4971
2849,4972
5157,4973
6707,4974
4861,4975
3349,4976
2488,4977
6167,4978
2937,4979
2458,4980
3870,4981
7913,4982
3103,4983
3826,4984
5693,4985
5494,4986
490,4987
266,4988
5354,4989
5576,4990
2194,4991
149,4992
5278,4993
3378,4994
1194,4995
2845,4996
6935,4997
1030,4998
2575,4999
13,5000
2388,5001
4495,5002
7769,5003
1952,5004
7600,5005
1970,5006
6066,5007
2910,5008
2246,5009
1842,5010
5191,5011
2903,5012
670,5013
1474,5014
5671,5015
1049,5016
6338,5017
4748,5018
6344,5019
4308,5020
6337,5021
2434,5022
6393,5023
6824,5024
4223,5025
7976,5026
4113,5027
4797,5028
7342,5029
3960,5030
949,5031
6789,5032
1314,5033
1625,5034
766,5035
7055,5036
7360,5037
639,5038
247,5039
2001,5040
2040,5041
946,5042
6970,5043
1539,5044
1281,5045
7150,5046
7047,5047
3716,5048
7560,5049
6786,5050
6918,5051
6129,5052
6654,5053
7825,5054
6092,5055
7564,5056
3371,5057
6758,5058
6449,5059
2718,5060
3185,5061
400,5062
1872,5063
3210,5064
1852,5065
2305,5066
2012,5067
881,5068
1937,5069
7915,5070
3854,5071
7095,5072
3412,5073
2503,5074
4125,5075
4156,5076
6524,5077
606,5078
2775,5079
3493,5080
7857,5081
5895,5082
4958,5083
1790,5084
4192,5085
5043,5086
2609,5087
5495,5088
4470,5089
4377,5090
444,5091
168,5092
3230,5093
1628,5094
4474,5095
6373,5096
1778,5097
5194,5098
5028,5099
3249,5100
4637,5101
991,5102
7576,5103
195,5104
1128,5105
2578,5106
855,5107
361,5108
1250,5109
2766,5110
2501,5111
4892,5112
7799,5113
6306,5114
3894,5115
6879,5116
831,5117
852,5118
7148,5119
933,5120
4,5121
6729,5122
3368,5123
6404,5124
3050,5125
6050,5126
3750,5127
7534,5128
6159,5129
7666,5130
4608,5131
2002,5132
3749,5133
3864,5134
6502,5135
292,5136
469,5137
1306,5138
5711,5139
1543,5140
3508,5141
2078,5142
221,5143
4180,5144
6521,5145
2430,5146
1741,5147
2816,5148
4531,5149
3381,5150
1401,5151
7584,5152
4072,5153
3649,5154
6371,5155
6382,5156
682,5157
3078,5158
31,5159
2211,5160
4882,5161
1119,5162
4864,5163
6567,5164
7104,5165
4785,5166
7026,5167
5472,5168
3209,5169
2185,5170
4628,5171
7351,5172
5672,5173
3234,5174
1294,5175
3428,5176
892,5177
3882,5178
241,5179
7438,5180
1749,5181
2249,5182
3958,5183
7137,5184
3956,5185
1347,5186
4921,5187
688,5188
3821,5189
2113,5190
2799,5191
3544,5192
5530,5193
6858,5194
4063,5195
220,5196
6592,5197
3369,5198
3459,5199
4793,5200
5199,5201
7893,5202
6415,5203
1897,5204
1690,5205
7808,5206
488,5207
3092,5208
44,5209
6506,5210
1300,5211
6238,5212
6401,5213
1257,5214
4774,5215
7876,5216
3937,5217
7425,5218
7151,5219
777,5220
5017,5221
2398,5222
1099,5223
3786,5224
174,5225
6262,5226
2189,5227
7723,5228
4463,5229
2010,5230
3220,5231
2770,5232
5000,5233
4604,5234
1580,5235
715,5236
4092,5237
3998,5238
2794,5239
649,5240
4307,5241
6907,5242
7390,5243
443,5244
1822,5245
6309,5246
2003,5247
7644,5248
947,5249
7787,5250
1231,5251
2726,5252
6075,5253
6821,5254
4981,5255
6369,5256
3993,5257
4311,5258
7404,5259
5051,5260
6166,5261
790,5262
6948,5263
184,5264
2741,5265
2979,5266
3518,5267
3315,5268
7263,5269
5554,5270
7569,5271
6611,5272
3511,5273
1833,5274
5027,5275
6023,5276
6307,5277
3823,5278
6600,5279
3833,5280
1532,5281
397,5282
6289,5283
1903,5284
1096,5285
4328,5286
4860,5287
744,5288
262,5289
1191,5290
7658,5291
3634,5292
2895,5293
4907,5294
285,5295
4703,5296
7024,5297
2758,5298
5662,5299
5580,5300
1028,5301
5570,5302
3599,5303
5153,5304
1967,5305
7967,5306
1562,5307
4268,5308
591,5309
4420,5310
7181,5311
6198,5312
7014,5313
55,5314
4796,5315
2034,5316
6831,5317
7307,5318
699,5319
6739,5320
5415,5321
6564,5322
1003,5323
681,5324
4401,5325
3715,5326
7877,5327
4144,5328
7672,5329
7763,5330
2853,5331
5577,5332
5089,5333
1365,5334
4887,5335
2272,5336
4547,5337
248,5338
6798,5339
2261,5340
3313,5341
3782,5342
1882,5343
7832,5344
1654,5345
4062,5346
2852,5347
740,5348
2403,5349
5418,5350
2144,5351
5715,5352
6168,5353
3397,5354
6221,5355
6453,5356
6036,5357
4100,5358
2838,5359
3685,5360
837,5361
7185,5362
2800,5363
6813,5364
6466,5365
5477,5366
1046,5367
267,5368
6609,5369
5925,5370
5619,5371
5897,5372
5699,5373
7829,5374
5727,5375
2902,5376
5868,5377
346,5378
311,5379
3031,5380
6115,5381
5163,5382
5852,5383
2867,5384
2384,5385
358,5386
5297,5387
6247,5388
4336,5389
360,5390
4509,5391
1736,5392
7716,5393
7237,5394
41,5395
7006,5396
3729,5397
6391,5398
2442,5399
773,5400
4110,5401
5851,5402
2362,5403
3251,5404
872,5405
1923,5406
6689,5407
966,5408
2710,5409
7179,5410
6405,5411
7003,5412
2860,5413
582,5414
6627,5415
3341,5416
6851,5417
2176,5418
1763,5419
5405,5420
2248,5421
3141,5422
1566,5423
2844,5424
1857,5425
7462,5426
2856,5427
7841,5428
4330,5429
5998,5430
2381,5431
6736,5432
4011,5433
7745,5434
5280,5435
4810,5436
1372,5437
150,5438
138,5439
1251,5440
7301,5441
35,5442
3057,5443
1187,5444
3305,5445
3904,5446
7935,5447
4055,5448
7682,5449
2133,5450
3579,5451
4088,5452
1597,5453
1488,5454
6519,5455
2491,5456
2781,5457
6837,5458
7765,5459
3055,5460
6508,5461
5651,5462
5801,5463
4302,5464
1359,5465
5345,5466
929,5467
3320,5468
3682,5469
5954,5470
7860,5471
3153,5472
1611,5473
2703,5474
3866,5475
6774,5476
5262,5477
7084,5478
573,5479
2292,5480
3407,5481
771,5482
6690,5483
5442,5484
5854,5485
4689,5486
5432,5487
1965,5488
4095,5489
4332,5490
7099,5491
6367,5492
906,5493
808,5494
7362,5495
3730,5496
6153,5497
1356,5498
5033,5499
7280,5500
4272,5501
6957,5502
5019,5503
7766,5504
7103,5505
4760,5506
7340,5507
1989,5508
6563,5509
3747,5510
526,5511
5150,5512
3553,5513
7550,5514
4212,5515
1145,5516
3810,5517
3081,5518
3550,5519
3834,5520
3949,5521
4462,5522
3660,5523
2004,5524
743,5525
754,5526
3479,5527
7223,5528
4279,5529
804,5530
6534,5531
5853,5532
4778,5533
5713,5534
2112,5535
7501,5536
1929,5537
3712,5538
375,5539
7227,5540
2975,5541
4070,5542
7025,5543
2797,5544
578,5545
2837,5546
6626,5547
2828,5548
2368,5549
6093,5550
2153,5551
2291,5552
3977,5553
6256,5554
4044,5555
5967,5556
2235,5557
5083,5558
1879,5559
3559,5560
6187,5561
1905,5562
406,5563
1450,5564
3271,5565
879,5566
1520,5567
3129,5568
3621,5569
5761,5570
803,5571
3008,5572
4442,5573
7941,5574
6340,5575
3299,5576
421,5577
3281,5578
7991,5579
2690,5580
1138,5581
1172,5582
1069,5583
2625,5584
6031,5585
4146,5586
4173,5587
6275,5588
4194,5589
2834,5590
6755,5591
3001,5592
3527,5593
5185,5594
178,5595
7205,5596
3297,5597
1800,5598
6518,5599
6607,5600
2750,5601
4901,5602
7249,5603
2436,5604
6947,5605
7574,5606
512,5607
4136,5608
3623,5609
3208,5610
2532,5611
898,5612
1561,5613
4560,5614
4894,5615
7475,5616
1579,5617
3387,5618
3473,5619
3117,5620
2069,5621
5584,5622
7921,5623
3194,5624
2622,5625
3618,5626
7830,5627
2066,5628
4651,5629
1933,5630
5802,5631
1478,5632
1143,5633
122,5634
299,5635
7603,5636
4289,5637
148,5638
6207,5639
3860,5640
5763,5641
5704,5642
4256,5643
1922,5644
6674,5645
79,5646
3641,5647
4359,5648
441,5649
5532,5650
6424,5651
4438,5652
5692,5653
4082,5654
2655,5655
1918,5656
2597,5657
2990,5658
2289,5659
7077,5660
4224,5661
6672,5662
2433,5663
1011,5664
1948,5665
5205,5666
1972,5667
3752,5668
916,5669
7875,5670
1633,5671
3024,5672
6513,5673
4903,5674
6678,5675
1789,5676
10,5677
1956,5678
6312,5679
6778,5680
6212,5681
4065,5682
43,5683
2530,5684
1551,5685
1497,5686
5410,5687
6503,5688
2007,5689
7041,5690
1089,5691
6028,5692
2590,5693
237,5694
1233,5695
4051,5696
4888,5697
5705,5698
4877,5699
7614,5700
1506,5701
5864,5702
2962,5703
7174,5704
5703,5705
5184,5706
5402,5707
7348,5708
1102,5709
3699,5710
3248,5711
7402,5712
4496,5713
6972,5714
1391,5715
7034,5716
4690,5717
2806,5718
3191,5719
5112,5720
4623,5721
3571,5722
6927,5723
1934,5724
7848,5725
1296,5726
3505,5727
3816,5728
7756,5729
2212,5730
5,5731
3950,5732
5920,5733
6566,5734
3890,5735
1652,5736
68,5737
3551,5738
4004,5739
2340,5740
7706,5741
2545,5742
2474,5743
4980,5744
6440,5745
6486,5746
1163,5747
1335,5748
5379,5749
5814,5750
1424,5751
2930,5752
656,5753
3687,5754
2427,5755
6412,5756
5977,5757
3370,5758
3760,5759
1502,5760
1085,5761
676,5762
2160,5763
2914,5764
1468,5765
3713,5766
4393,5767
77,5768
4464,5769
7001,5770
7515,5771
5129,5772
5945,5773
5122,5774
778,5775
6343,5776
7102,5777
7612,5778
3584,5779
5047,5780
6973,5781
4619,5782
2020,5783
4132,5784
133,5785
3264,5786
1444,5787
4273,5788
22,5789
2982,5790
1702,5791
4171,5792
2111,5793
1677,5794
4650,5795
6011,5796
7746,5797
1744,5798
2664,5799
146,5800
6867,5801
6764,5802
6219,5803
1563,5804
6491,5805
6586,5806
7461,5807
3279,5808
1400,5809
6376,5810
5829,5811
7324,5812
4822,5813
2679,5814
6658,5815
3253,5816
5407,5817
4400,5818
5844,5819
7750,5820
5499,5821
3515,5822
3137,5823
915,5824
4805,5825
3767,5826
7085,5827
2549,5828
95,5829
3431,5830
3402,5831
832,5832
3659,5833
2907,5834
1642,5835
951,5836
4783,5837
6111,5838
6965,5839
7176,5840
5825,5841
4988,5842
1319,5843
2443,5844
3426,5845
2978,5846
503,5847
598,5848
3496,5849
6560,5850
1876,5851
2,5852
1181,5853
1935,5854
5673,5855
2334,5856
2927,5857
7946,5858
272,5859
7379,5860
7703,5861
316,5862
2330,5863
3099,5864
2336,5865
218,5866
5239,5867
2659,5868
3380,5869
2476,5870
755,5871
2651,5872
6812,5873
2026,5874
6940,5875
4483,5876
4578,5877
555,5878
3781,5879
96,5880
6807,5881
6313,5882
7118,5883
5974,5884
4081,5885
6165,5886
5024,5887
3224,5888
3255,5889
6848,5890
7807,5891
2198,5892
4528,5893
694,5894
7092,5895
4826,5896
6667,5897
6671,5898
749,5899
4458,5900
5475,5901
849,5902
5394,5903
4653,5904
5010,5905
6354,5906
683,5907
6150,5908
6200,5909
6559,5910
7568,5911
179,5912
2421,5913
2821,5914
3965,5915
3342,5916
7261,5917
5923,5918
5341,5919
1700,5920
4404,5921
3927,5922
4064,5923
2394,5924
2369,5925
1484,5926
7610,5927
6610,5928
5879,5929
3000,5930
7604,5931
1493,5932
4848,5933
1363,5934
5928,5935
2466,5936
6173,5937
4692,5938
7204,5939
997,5940
7152,5941
4130,5942
3262,5943
1286,5944
5455,5945
4669,5946
1557,5947
219,5948
2452,5949
2281,5950
297,5951
6762,5952
4998,5953
884,5954
3672,5955
7450,5956
5347,5957
132,5958
3403,5959
1696,5960
2149,5961
1240,5962
7016,5963
6730,5964
2024,5965
566,5966
7752,5967
2438,5968
2994,5969
3669,5970
3720,5971
4736,5972
4673,5973
6628,5974
5663,5975
3312,5976
2342,5977
6427,5978
1512,5979
5929,5980
2884,5981
5245,5982
4936,5983
6910,5984
2335,5985
2640,5986
634,5987
7037,5988
1486,5989
5299,5990
2022,5991
2636,5992
5362,5993
7482,5994
5382,5995
2964,5996
1354,5997
4517,5998
4995,5999
545,6000
4026,6001
6155,6002
1252,6003
5964,6004
5876,6005
405,6006
89,6007
404,6008
5176,6009
131,6010
2016,6011
6716,6012
4402,6013
7634,6014
3324,6015
4698,6016
4967,6017
1206,6018
5468,6019
4708,6020
2104,6021
6464,6022
3354,6023
1445,6024
5973,6025
3606,6026
1529,6027
7333,6028
5919,6029
5395,6030
585,6031
6078,6032
6692,6033
2515,6034
4434,6035
1440,6036
6622,6037
6709,6038
5282,6039
5041,6040
7895,6041
4620,6042
6788,6043
7910,6044
7623,6045
1867,6046
2234,6047
4169,6048
3987,6049
5221,6050
6601,6051
3151,6052
1733,6053
1545,6054
463,6055
5901,6056
7496,6057
5263,6058
7238,6059
3845,6060
1776,6061
798,6062
7456,6063
3119,6064
640,6065
5913,6066
3079,6067
2908,6068
4150,6069
759,6070
937,6071
2041,6072
3532,6073
275,6074
6964,6075
7239,6076
4562,6077
4366,6078
142,6079
3923,6080
1029,6081
1334,6082
1528,6083
5719,6084
7509,6085
2496,6086
4659,6087
4741,6088
6838,6089
4530,6090
5732,6091
1195,6092
6071,6093
6052,6094
4999,6095
6105,6096
5872,6097
631,6098
6594,6099
6990,6100
7530,6101
7973,6102
6059,6103
1936,6104
5355,6105
1975,6106
1309,6107
3809,6108
7460,6109
4720,6110
3838,6111
1828,6112
3921,6113
714,6114
213,6115
7054,6116
424,6117
7878,6118
5042,6119
1075,6120
6775,6121
874,6122
5113,6123
1149,6124
6827,6125
6065,6126
7177,6127
2250,6128
1770,6129
7681,6130
6245,6131
7278,6132
1087,6133
1382,6134
1505,6135
3308,6136
4309,6137
7655,6138
5260,6139
6379,6140
6495,6141
6249,6142
7117,6143
7565,6144
5649,6145
5310,6146
4699,6147
5349,6148
2793,6149
5361,6150
3735,6151
863,6152
3942,6153
788,6154
6400,6155
2122,6156
4523,6157
2156,6158
7733,6159
6826,6160
7997,6161
353,6162
4952,6163
7332,6164
4545,6165
475,6166
2070,6167
336,6168
4668,6169
3463,6170
3609,6171
1831,6172
2205,6173
5836,6174
4482,6175
787,6176
7094,6177
5510,6178
4137,6179
826,6180
1637,6181
445,6182
4957,6183
3257,6184
6701,6185
6137,6186
6139,6187
4878,6188
4007,6189
1517,6190
4247,6191
3719,6192
6020,6193
2595,6194
5942,6195
5982,6196
4060,6197
4584,6198
1192,6199
2812,6200
4930,6201
5283,6202
1499,6203
7620,6204
3346,6205
2681,6206
6428,6207
4356,6208
1553,6209
461,6210
6157,6211
1743,6212
3578,6213
3844,6214
3509,6215
2998,6216
1026,6217
7686,6218
7594,6219
6745,6220
6912,6221
422,6222
3851,6223
914,6224
4349,6225
7022,6226
258,6227
3594,6228
1858,6229
4161,6230
6871,6231
3835,6232
2528,6233
7662,6234
3228,6235
78,6236
1589,6237
3886,6238
2435,6239
3652,6240
7306,6241
5931,6242
80,6243
7414,6244
7798,6245
3293,6246
313,6247
3460,6248
1160,6249
5160,6250
2976,6251
3042,6252
7244,6253
7459,6254
4127,6255
607,6256
2695,6257
663,6258
6144,6259
2323,6260
483,6261
4486,6262
6815,6263
5936,6264
3330,6265
746,6266
5038,6267
2339,6268
3164,6269
2229,6270
5026,6271
2099,6272
4197,6273
2730,6274
5002,6275
2180,6276
4114,6277
4163,6278
3830,6279
1183,6280
326,6281
201,6282
2663,6283
2997,6284
7217,6285
3036,6286
1090,6287
1190,6288
943,6289
1465,6290
5955,6291
2406,6292
6742,6293
7675,6294
116,6295
6461,6296
1483,6297
4948,6298
3686,6299
2297,6300
5505,6301
5933,6302
3377,6303
927,6304
3221,6305
4955,6306
5244,6307
1620,6308
1949,6309
1515,6310
515,6311
3404,6312
7984,6313
5240,6314
934,6315
979,6316
303,6317
7575,6318
187,6319
104,6320
3908,6321
6717,6322
5128,6323
7840,6324
5603,6325
5909,6326
5667,6327
4743,6328
998,6329
5696,6330
5070,6331
2127,6332
6228,6333
3485,6334
1127,6335
2259,6336
6475,6337
7694,6338
7254,6339
7463,6340
7751,6341
1964,6342
6163,6343
5626,6344
359,6345
4548,6346
7211,6347
6202,6348
4570,6349
4927,6350
6652,6351
7625,6352
1772,6353
426,6354
5048,6355
5789,6356
3482,6357
795,6358
3083,6359
7228,6360
24,6361
7661,6362
5276,6363
341,6364
2320,6365
856,6366
1323,6367
7395,6368
5838,6369
3695,6370
7483,6371
4437,6372
5302,6373
3798,6374
3075,6375
1920,6376
2876,6377
5130,6378
642,6379
6062,6380
3646,6381
957,6382
32,6383
1681,6384
1775,6385
5668,6386
2835,6387
4554,6388
7905,6389
470,6390
911,6391
3217,6392
1603,6393
1388,6394
4491,6395
6127,6396
2449,6397
7817,6398
2618,6399
822,6400
6006,6401
6494,6402
7451,6403
2155,6404
2047,6405
6718,6406
2456,6407
5993,6408
3939,6409
3665,6410
7415,6411
4363,6412
973,6413
7182,6414
6993,6415
6125,6416
6192,6417
6261,6418
1436,6419
76,6420
6455,6421
5784,6422
2486,6423
4513,6424
4288,6425
2850,6426
207,6427
5143,6428
4519,6429
541,6430
6444,6431
491,6432
5887,6433
5137,6434
1938,6435
7276,6436
1144,6437
691,6438
6688,6439
1595,6440
5363,6441
6171,6442
5725,6443
1766,6444
1081,6445
2000,6446
2790,6447
4278,6448
5158,6449
3690,6450
602,6451
4527,6452
4682,6453
4589,6454
1197,6455
3926,6456
3198,6457
4333,6458
7813,6459
2162,6460
5617,6461
7138,6462
5779,6463
7190,6464
7232,6465
2617,6466
1653,6467
5289,6468
4190,6469
3645,6470
6525,6471
2593,6472
2736,6473
5787,6474
1606,6475
4050,6476
4160,6477
3027,6478
7421,6479
5638,6480
2809,6481
5791,6482
4129,6483
3792,6484
2157,6485
5823,6486
5332,6487
4024,6488
2267,6489
5972,6490
5948,6491
4514,6492
5237,6493
987,6494
7195,6495
2490,6496
4323,6497
4240,6498
3811,6499
1044,6500
6114,6501
7235,6502
4140,6503
3721,6504
3448,6505
347,6506
2419,6507
7861,6508
1673,6509
4124,6510
3524,6511
5483,6512
5058,6513
4837,6514
1540,6515
4917,6516
5320,6517
5125,6518
5064,6519
3693,6520
3200,6521
4759,6522
674,6523
3044,6524
5922,6525
3999,6526
839,6527
510,6528
865,6529
4630,6530
1942,6531
3658,6532
2457,6533
4525,6534
7952,6535
7986,6536
2767,6537
5590,6538
3591,6539
703,6540
2752,6541
6383,6542
6860,6543
6079,6544
6504,6545
3175,6546
2985,6547
1715,6548
3351,6549
4250,6550
1327,6551
752,6552
782,6553
1509,6554
6084,6555
6616,6556
4002,6557
416,6558
3469,6559
427,6560
2314,6561
4971,6562
340,6563
3812,6564
2521,6565
2053,6566
2013,6567
3972,6568
415,6569
5253,6570
7259,6571
5082,6572
451,6573
553,6574
1567,6575
936,6576
4875,6577
1317,6578
1214,6579
5745,6580
7043,6581
2637,6582
549,6583
4227,6584
7747,6585
734,6586
1805,6587
2776,6588
5323,6589
2290,6590
5833,6591
7900,6592
7361,6593
6514,6594
6787,6595
4645,6596
6179,6597
1898,6598
7164,6599
7858,6600
2423,6601
3547,6602
5334,6603
4083,6604
1748,6605
7930,6606
6660,6607
725,6608
7072,6609
2550,6610
2084,6611
3617,6612
1738,6613
2966,6614
3500,6615
5941,6616
403,6617
7422,6618
3318,6619
2377,6620
6347,6621
5768,6622
3971,6623
850,6624
807,6625
3359,6626
2060,6627
1140,6628
3483,6629
7579,6630
376,6631
4264,6632
3238,6633
6644,6634
5949,6635
1727,6636
163,6637
7537,6638
3822,6639
6492,6640
7513,6641
6395,6642
5943,6643
2310,6644
3497,6645
205,6646
5454,6647
4292,6648
4667,6649
2526,6650
539,6651
3603,6652
23,6653
380,6654
1982,6655
7366,6656
4979,6657
1887,6658
393,6659
2846,6660
7416,6661
4540,6662
8000,6663
182,6664
420,6665
4946,6666
531,6667
3911,6668
7994,6669
4788,6670
3295,6671
7388,6672
85,6673
3771,6674
5882,6675
6724,6676
3343,6677
7698,6678
5641,6679
5488,6680
3070,6681
7504,6682
890,6683
3801,6684
1361,6685
2487,6686
3442,6687
7927,6688
5201,6689
2241,6690
4780,6691
6214,6692
7909,6693
6089,6694
94,6695
4245,6696
36,6697
4832,6698
3657,6699
5813,6700
6032,6701
2885,6702
6145,6703
4337,6704
5079,6705
7074,6706
348,6707
2582,6708
1759,6709
2018,6710
3053,6711
6186,6712
7805,6713
302,6714
7146,6715
6613,6716
900,6717
643,6718
3333,6719
3196,6720
1873,6721
189,6722
6194,6723
2276,6724
6533,6725
1662,6726
6761,6727
1467,6728
1796,6729
2236,6730
2505,6731
3790,6732
667,6733
1851,6734
1878,6735
6891,6736
1827,6737
5757,6738
4765,6739
6687,6740
7106,6741
7373,6742
2049,6743
4711,6744
6096,6745
1966,6746
6226,6747
5124,6748
1289,6749
1393,6750
6389,6751
1111,6752
5151,6753
2402,6754
7175,6755
212,6756
1394,6757
7587,6758
6958,6759
1760,6760
3614,6761
7038,6762
7273,6763
956,6764
2347,6765
5548,6766
4258,6767
4492,6768
970,6769
7079,6770
5411,6771
2322,6772
3723,6773
7398,6774
2357,6775
3531,6776
6847,6777
6945,6778
5487,6779
2202,6780
4834,6781
7252,6782
5045,6783
3587,6784
7289,6785
815,6786
1538,6787
7834,6788
1946,6789
2076,6790
7359,6791
5762,6792
7683,6793
980,6794
861,6795
7525,6796
7647,6797
3054,6798
5397,6799
672,6800
4385,6801
4321,6802
5861,6803
2657,6804
722,6805
7031,6806
1418,6807
494,6808
5756,6809
5233,6810
7929,6811
3770,6812
1342,6813
7722,6814
6759,6815
3348,6816
7951,6817
6348,6818
1146,6819
3441,6820
4253,6821
7598,6822
4466,6823
6005,6824
4061,6825
7897,6826
2969,6827
857,6828
4965,6829
1223,6830
2228,6831
7607,6832
3629,6833
5843,6834
4617,6835
7109,6836
334,6837
1840,6838
3580,6839
6938,6840
2959,6841
4031,6842
5142,6843
6820,6844
230,6845
3104,6846
623,6847
2744,6848
3910,6849
5339,6850
345,6851
4942,6852
6714,6853
6883,6854
2396,6855
3411,6856
4772,6857
3260,6858
867,6859
270,6860
5606,6861
4123,6862
4093,6863
3704,6864
4950,6865
7214,6866
7552,6867
2492,6868
2911,6869
458,6870
4951,6871
4479,6872
1593,6873
7329,6874
1427,6875
398,6876
4298,6877
2331,6878
6719,6879
7302,6880
6390,6881
3472,6882
1643,6883
4670,6884
3951,6885
2177,6886
2662,6887
5904,6888
5156,6889
7678,6890
4564,6891
2839,6892
3401,6893
7191,6894
5746,6895
7606,6896
4381,6897
2934,6898
6086,6899
5884,6900
3763,6901
819,6902
1902,6903
7845,6904
1287,6905
1360,6906
6605,6907
5225,6908
1874,6909
3989,6910
7323,6911
1569,6912
1627,6913
7789,6914
705,6915
4705,6916
1693,6917
3675,6918
1454,6919
5889,6920
7919,6921
6299,6922
6756,6923
613,6924
4912,6925
1062,6926
4403,6927
1266,6928
4390,6929
1634,6930
3243,6931
7538,6932
1678,6933
1255,6934
511,6935
1402,6936
6301,6937
917,6938
1767,6939
7123,6940
6487,6941
2705,6942
584,6943
4842,6944
3282,6945
3906,6946
5291,6947
5751,6948
4343,6949
7312,6950
3499,6951
387,6952
4632,6953
1193,6954
6420,6955
2717,6956
7317,6957
1222,6958
1708,6959
4605,6960
1178,6961
4290,6962
6090,6963
5596,6964
2031,6965
4710,6966
308,6967
5204,6968
4008,6969
1959,6970
3592,6971
7943,6972
5968,6973
6160,6974
6866,6975
608,6976
2383,6977
4688,6978
3539,6979
4758,6980
2786,6981
6642,6982
6657,6983
3758,6984
7847,6985
4687,6986
1552,6987
3410,6988
2120,6989
2348,6990
7339,6991
171,6992
5921,6993
2479,6994
6637,6995
6385,6996
5810,6997
1870,6998
2068,6999
985,7000
4352,7001
7761,7002
2059,7003
1519,7004
4884,7005
721,7006
1253,7007
7141,7008
7161,7009
71,7010
4226,7011
6215,7012
2555,7013
1464,7014
6406,7015
6646,7016
7347,7017
282,7018
4115,7019
6680,7020
1066,7021
6196,7022
4221,7023
1507,7024
3638,7025
4494,7026
7823,7027
4611,7028
1810,7029
3762,7030
5257,7031
3143,7032
4329,7033
7007,7034
5298,7035
4707,7036
3086,7037
7831,7038
4702,7039
692,7040
5561,7041
254,7042
6590,7043
3034,7044
7046,7045
3507,7046
2080,7047
1080,7048
3214,7049
814,7050
4569,7051
2411,7052
6231,7053
2191,7054
2269,7055
4625,7056
7165,7057
1037,7058
993,7059
2665,7060
2778,7061
7000,7062
2782,7063
604,7064
3978,7065
471,7066
4581,7067
3367,7068
6704,7069
5197,7070
2576,7071
3206,7072
6327,7073
3376,7074
3569,7075
7557,7076
447,7077
4626,7078
7887,7079
1357,7080
2591,7081
3400,7082
522,7083
6636,7084
6119,7085
7580,7086
2647,7087
5634,7088
1299,7089
5266,7090
4744,7091
4287,7092
2737,7093
666,7094
145,7095
4280,7096
6638,7097
1067,7098
6058,7099
6982,7100
7445,7101
2819,7102
6014,7103
1016,7104
3246,7105
1262,7106
4754,7107
5227,7108
2574,7109
280,7110
2082,7111
3425,7112
5303,7113
4871,7114
7337,7115
2288,7116
317,7117
1109,7118
7654,7119
2601,7120
3105,7121
7245,7122
3791,7123
5629,7124
2677,7125
2161,7126
7804,7127
5642,7128
6962,7129
792,7130
2286,7131
5540,7132
329,7133
5337,7134
3012,7135
6617,7136
2025,7137
2552,7138
3907,7139
1999,7140
5635,7141
6878,7142
7635,7143
2951,7144
5484,7145
2613,7146
5437,7147
4035,7148
809,7149
783,7150
5937,7151
7556,7152
7154,7153
251,7154
1473,7155
1154,7156
1117,7157
6450,7158
102,7159
4557,7160
6608,7161
5480,7162
2832,7163
17,7164
7638,7165
7443,7166
1739,7167
812,7168
4782,7169
4138,7170
1850,7171
2262,7172
6996,7173
4831,7174
7376,7175
7408,7176
6549,7177
6793,7178
1416,7179
1186,7180
2304,7181
7389,7182
288,7183
3583,7184
1318,7185
1121,7186
1723,7187
6802,7188
3702,7189
4147,7190
5695,7191
3930,7192
356,7193
1686,7194
7529,7195
5935,7196
392,7197
7886,7198
7705,7199
4048,7200
2045,7201
5313,7202
5885,7203
4244,7204
7803,7205
6768,7206
2375,7207
484,7208
1648,7209
7064,7210
6109,7211
708,7212
1074,7213
7558,7214
765,7215
7583,7216
4346,7217
7836,7218
3703,7219
332,7220
2630,7221
6298,7222
7742,7223
5790,7224
3779,7225
7727,7226
2802,7227
5044,7228
7953,7229
6915,7230
3901,7231
5735,7232
63,7233
5987,7234
4089,7235
3842,7236
4634,7237
1709,7238
5352,7239
5096,7240
5680,7241
4675,7242
2181,7243
5311,7244
2367,7245
7640,7246
7017,7247
6913,7248
4890,7249
5403,7250
1315,7251
1116,7252
7447,7253
2197,7254
6556,7255
6893,7256
155,7257
4394,7258
5258,7259
2920,7260
3673,7261
7914,7262
3049,7263
1068,7264
6746,7265
5383,7266
7999,7267
718,7268
7796,7269
1812,7270
2926,7271
7901,7272
7718,7273
15,7274
7741,7275
6700,7276
2074,7277
5369,7278
551,7279
5951,7280
3111,7281
1091,7282
2097,7283
3396,7284
4471,7285
7533,7286
2465,7287
2747,7288
1777,7289
4945,7290
4635,7291
5350,7292
4852,7293
2062,7294
164,7295
912,7296
4678,7297
5754,7298
5691,7299
2840,7300
2495,7301
1036,7302
6960,7303
5409,7304
3205,7305
4614,7306
1862,7307
1591,7308
7937,7309
6178,7310
5803,7311
2204,7312
7685,7313
3976,7314
1469,7315
7114,7316
6254,7317
7987,7318
944,7319
5815,7320
3159,7321
3316,7322
1404,7323
3325,7324
464,7325
6018,7326
5408,7327
4371,7328
6648,7329
6885,7330
6074,7331
3254,7332
853,7333
7274,7334
250,7335
2633,7336
4196,7337
3052,7338
2711,7339
2485,7340
1047,7341
2753,7342
3501,7343
7586,7344
6909,7345
3536,7346
3920,7347
1362,7348
7189,7349
1048,7350
2117,7351
2684,7352
2140,7353
3357,7354
7310,7355
2592,7356
6331,7357
4700,7358
7371,7359
508,7360
6116,7361
4898,7362
3684,7363
1422,7364
561,7365
7778,7366
848,7367
4457,7368
4102,7369
7061,7370
4228,7371
4746,7372
6978,7373
273,7374
1461,7375
6872,7376
1619,7377
4943,7378
908,7379
3832,7380
6268,7381
7363,7382
954,7383
6868,7384
592,7385
2035,7386
2563,7387
7178,7388
5965,7389
7609,7390
1007,7391
5167,7392
1667,7393
6459,7394
7709,7395
5682,7396
4164,7397
5858,7398
1417,7399
4206,7400
2182,7401
6526,7402
6619,7403
2610,7404
6663,7405
4255,7406
3148,7407
7846,7408
996,7409
3520,7410
7251,7411
1668,7412
21,7413
2818,7414
6432,7415
7192,7416
3419,7417
4974,7418
4012,7419
1396,7420
4874,7421
1541,7422
3959,7423
5628,7424
6211,7425
6445,7426
2302,7427
3018,7428
7396,7429
4706,7430
7405,7431
6693,7432
7966,7433
4963,7434
1078,7435
1293,7436
5471,7437
4406,7438
1691,7439
185,7440
1644,7441
2309,7442
7401,7443
6175,7444
3869,7445
659,7446
2923,7447
4944,7448
4360,7449
7260,7450
5800,7451
2238,7452
7369,7453
7277,7454
7988,7455
2743,7456
7776,7457
6030,7458
4178,7459
4260,7460
741,7461
4691,7462
2569,7463
7696,7464
6540,7465
5516,7466
3698,7467
5065,7468
7180,7469
3145,7470
4324,7471
5953,7472
7313,7473
4133,7474
3588,7475
2742,7476
5661,7477
3516,7478
2848,7479
2206,7480
6800,7481
1780,7482
684,7483
2379,7484
6426,7485
100,7486
1661,7487
4751,7488
1676,7489
2687,7490
4685,7491
324,7492
355,7493
1583,7494
7693,7495
2557,7496
7653,7497
2404,7498
6250,7499
583,7500
3468,7501
4985,7502
4241,7503
827,7504
5203,7505
3087,7506
2564,7507
6649,7508
6224,7509
6908,7510
6546,7511
1752,7512
5003,7513
5504,7514
7865,7515
6902,7516
2992,7517
4544,7518
4477,7519
1713,7520
3967,7521
7819,7522
7732,7523
2987,7524
3416,7525
3504,7526
7632,7527
4424,7528
835,7529
6470,7530
1921,7531
239,7532
7770,7533
768,7534
7452,7535
975,7536
2561,7537
834,7538
3222,7539
5102,7540
3080,7541
5231,7542
6091,7543
5912,7544
5300,7545
626,7546
5312,7547
1649,7548
42,7549
3982,7550
378,7551
7720,7552
6703,7553
6988,7554
3356,7555
897,7556
5322,7557
4365,7558
6713,7559
2855,7560
3189,7561
7288,7562
6101,7563
7112,7564
5120,7565
3878,7566
5728,7567
6723,7568
5771,7569
6623,7570
45,7571
4817,7572
616,7573
3494,7574
1238,7575
4549,7576
1343,7577
3152,7578
887,7579
502,7580
2240,7581
6103,7582
7522,7583
793,7584
5546,7585
4159,7586
5308,7587
331,7588
2253,7589
4808,7590
4541,7591
6375,7592
60,7593
425,7594
1807,7595
5500,7596
733,7597
3399,7598
1928,7599
1701,7600
6251,7601
5623,7602
4340,7603
1889,7604
1521,7605
3996,7606
5464,7607
6330,7608
5849,7609
6387,7610
4764,7611
6112,7612
4335,7613
1383,7614
6399,7615
2823,7616
932,7617
240,7618
2900,7619
5414,7620
191,7621
6780,7622
3272,7623
4715,7624
1254,7625
3355,7626
7628,7627
501,7628
2105,7629
7510,7630
2623,7631
7721,7632
1835,7633
6220,7634
1821,7635
5353,7636
7387,7637
7081,7638
6804,7639
978,7640
1471,7641
4872,7642
4577,7643
7839,7644
3245,7645
7947,7646
6873,7647
3990,7648
6004,7649
3427,7650
5061,7651
6452,7652
1769,7653
5036,7654
5615,7655
1837,7656
7773,7657
7349,7658
4532,7659
5666,7660
963,7661
1841,7662
1765,7663
2138,7664
6725,7665
6710,7666
5600,7667
781,7668
6258,7669
6776,7670
1333,7671
5430,7672
7631,7673
6333,7674
6035,7675
7065,7676
2889,7677
7561,7678
1020,7679
231,7680
7187,7681
4580,7682
3009,7683
3165,7684
5009,7685
5975,7686
5159,7687
4508,7688
6571,7689
381,7690
3598,7691
3506,7692
518,7693
7636,7694
5100,7695
304,7696
4364,7697
143,7698
5914,7699
3360,7700
6527,7701
2631,7702
3525,7703
1200,7704
4575,7705
5294,7706
1598,7707
7724,7708
5091,7709
3158,7710
3522,7711
5072,7712
3326,7713
3440,7714
5907,7715
2824,7716
5989,7717
6234,7718
5170,7719
93,7720
1792,7721
6067,7722
1458,7723
1623,7724
2371,7725
7983,7726
7980,7727
343,7728
3488,7729
7019,7730
27,7731
3636,7732
2441,7733
6038,7734
6227,7735
7282,7736
6751,7737
1433,7738
4610,7739
109,7740
5594,7741
2280,7742
3548,7743
4412,7744
410,7745
2646,7746
2256,7747
1890,7748
6930,7749
4028,7750
7700,7751
4175,7752
4207,7753
7676,7754
6181,7755
5984,7756
2918,7757
1199,7758
4658,7759
2616,7760
4054,7761
893,7762
3746,7763
1758,7764
6923,7765
2627,7766
977,7767
6022,7768
4753,7769
2728,7770
175,7771
5059,7772
2273,7773
6555,7774
6465,7775
3877,7776
7942,7777
5687,7778
1582,7779
7397,7780
3706,7781
2865,7782
5644,7783
1298,7784
7792,7785
5364,7786
1105,7787
2481,7788
265,7789
7582,7790
1070,7791
7420,7792
5067,7793
2327,7794
4542,7795
5543,7796
338,7797
3633,7798
154,7799
4066,7800
5966,7801
101,7802
6294,7803
2614,7804
4266,7805
4478,7806
4025,7807
6942,7808
7300,7809
6297,7810
3115,7811
2731,7812
1166,7813
1657,7814
4118,7815
554,7816
5152,7817
723,7818
1912,7819
6595,7820
6364,7821
4919,7822
2011,7823
417,7824
1574,7825
6123,7826
5506,7827
4929,7828
6316,7829
1764,7830
439,7831
4117,7832
1242,7833
4151,7834
307,7835
2413,7836
7050,7837
6117,7838
4191,7839
1720,7840
889,7841
523,7842
3133,7843
7374,7844
4432,7845
4830,7846
3358,7847
5012,7848
828,7849
120,7850
1728,7851
5049,7852
4203,7853
492,7854
5573,7855
4376,7856
4005,7857
5428,7858
6585,7859
25,7860
6409,7861
5760,7862
5438,7863
52,7864
2537,7865
1438,7866
4960,7867
2242,7868
6442,7869
7051,7870
2230,7871
40,7872
4664,7873
3438,7874
2057,7875
3856,7876
6916,7877
2699,7878
1399,7879
3962,7880
5551,7881
2529,7882
5716,7883
1261,7884
105,7885
5807,7886
6448,7887
7762,7888
6726,7889
3298,7890
5675,7891
16,7892
1646,7893
2397,7894
901,7895
7082,7896
5890,7897
5589,7898
785,7899
4210,7900
141,7901
5893,7902
5264,7903
4242,7904
2740,7905
7423,7906
2789,7907
4422,7908
3310,7909
6240,7910
4679,7911
2318,7912
5621,7913
6295,7914
3077,7915
5525,7916
1880,7917
1004,7918
6676,7919
5034,7920
5659,7921
7105,7922
7591,7923
6928,7924
2697,7925
1295,7926
2219,7927
3266,7928
1379,7929
1330,7930
769,7931
5568,7932
844,7933
3570,7934
4313,7935
4134,7936
4725,7937
4452,7938
1015,7939
5957,7940
7036,7941
6864,7942
6034,7943
5447,7944
1013,7945
7100,7946
3314,7947
7426,7948
53,7949
4934,7950
645,7951
3839,7952
2317,7953
1514,7954
5296,7955
5343,7956
4339,7957
1622,7958
2364,7959
5511,7960
779,7961
4235,7962
72,7963
520,7964
4467,7965
232,7966
3944,7967
5216,7968
4108,7969
5702,7970
4388,7971
173,7972
3709,7973
2859,7974
871,7975
3476,7976
7736,7977
477,7978
7939,7979
2141,7980
5994,7981
1220,7982
3125,7983
1740,7984
7083,7985
7437,7986
246,7987
1373,7988
5794,7989
6712,7990
4909,7991
2769,7992
6748,7993
5366,7994
2746,7995
7350,7996
7233,7997
7378,7998
2620,7999
617,8000
